2026-05-03 13:58:58 [INFO] ============================================================
2026-05-03 13:58:58 [INFO] TruePeopleSearch Data Extraction Script
2026-05-03 13:58:58 [INFO] Mode: PHASE 1 (single row testing)
2026-05-03 13:58:58 [INFO] ============================================================
2026-05-03 13:58:58 [INFO] [INIT] Setting up VPN connection...
2026-05-03 13:58:58 [INFO] [VPN] Checking initial connection status...
2026-05-03 13:58:58 [ERROR] [VPN] ❌ expressvpnctl not found at: C:\Program Files (x86)\ExpressVPN\services\expressvpnctl.exe
  → Make sure ExpressVPN is installed and the path in config.py is correct.
2026-05-03 13:58:58 [INFO] [VPN] Not connected. Establishing initial connection...
2026-05-03 13:58:58 [INFO] [VPN] Connecting to: USA - New York
2026-05-03 13:58:58 [ERROR] [VPN] ❌ expressvpnctl not found at: C:\Program Files (x86)\ExpressVPN\services\expressvpnctl.exe
  → Make sure ExpressVPN is installed and the path in config.py is correct.
2026-05-03 13:58:58 [ERROR] [VPN] ❌ Failed to connect to USA - New York: File not found
2026-05-03 13:58:58 [WARNING] [INIT] VPN connection failed — continuing without VPN
2026-05-03 13:58:58 [WARNING] [INIT] You may get blocked. Consider fixing VPN and restarting.
2026-05-03 13:58:58 [ERROR] [INIT] Input CSV not found: C:\Users\DELL\Desktop\web scraping\input.csv
2026-05-03 13:58:58 [ERROR]   → Place your CSV file at the path above and retry.
2026-05-03 14:01:40 [INFO] ============================================================
2026-05-03 14:01:40 [INFO] TruePeopleSearch Data Extraction Script
2026-05-03 14:01:40 [INFO] Mode: PHASE 1 (single row testing)
2026-05-03 14:01:40 [INFO] ============================================================
2026-05-03 14:01:40 [INFO] [INIT] Setting up VPN connection...
2026-05-03 14:01:40 [INFO] [VPN] Checking initial connection status...
2026-05-03 14:01:40 [ERROR] [VPN] ❌ expressvpnctl not found at: C:\Program Files (x86)\ExpressVPN\services\expressvpnctl.exe
  → Make sure ExpressVPN is installed and the path in config.py is correct.
2026-05-03 14:01:40 [INFO] [VPN] Not connected. Establishing initial connection...
2026-05-03 14:01:40 [INFO] [VPN] Connecting to: USA - New York
2026-05-03 14:01:40 [ERROR] [VPN] ❌ expressvpnctl not found at: C:\Program Files (x86)\ExpressVPN\services\expressvpnctl.exe
  → Make sure ExpressVPN is installed and the path in config.py is correct.
2026-05-03 14:01:40 [ERROR] [VPN] ❌ Failed to connect to USA - New York: File not found
2026-05-03 14:01:40 [WARNING] [INIT] VPN connection failed — continuing without VPN
2026-05-03 14:01:40 [WARNING] [INIT] You may get blocked. Consider fixing VPN and restarting.
2026-05-03 14:01:40 [ERROR] [INIT] Input CSV not found: C:\Users\DELL\Desktop\web scraping\input.csv
2026-05-03 14:01:40 [ERROR]   → Place your CSV file at the path above and retry.
2026-05-03 14:02:00 [INFO] ============================================================
2026-05-03 14:02:00 [INFO] TruePeopleSearch Data Extraction Script
2026-05-03 14:02:00 [INFO] Mode: PHASE 1 (single row testing)
2026-05-03 14:02:00 [INFO] ============================================================
2026-05-03 14:02:00 [INFO] [INIT] Setting up VPN connection...
2026-05-03 14:02:00 [INFO] [VPN] Checking initial connection status...
2026-05-03 14:02:00 [ERROR] [VPN] ❌ expressvpnctl not found at: C:\Program Files (x86)\ExpressVPN\services\expressvpnctl.exe
  → Make sure ExpressVPN is installed and the path in config.py is correct.
2026-05-03 14:02:00 [INFO] [VPN] Not connected. Establishing initial connection...
2026-05-03 14:02:00 [INFO] [VPN] Connecting to: USA - New York
2026-05-03 14:02:00 [ERROR] [VPN] ❌ expressvpnctl not found at: C:\Program Files (x86)\ExpressVPN\services\expressvpnctl.exe
  → Make sure ExpressVPN is installed and the path in config.py is correct.
2026-05-03 14:02:00 [ERROR] [VPN] ❌ Failed to connect to USA - New York: File not found
2026-05-03 14:02:00 [WARNING] [INIT] VPN connection failed — continuing without VPN
2026-05-03 14:02:00 [WARNING] [INIT] You may get blocked. Consider fixing VPN and restarting.
2026-05-03 14:02:00 [ERROR] [INIT] Input CSV not found: C:\Users\DELL\Desktop\web scraping\input.csv
2026-05-03 14:02:00 [ERROR]   → Place your CSV file at the path above and retry.
2026-05-03 14:10:19 [INFO] [INPUT] Loaded 585 rows from input.csv
2026-05-03 14:10:42 [INFO] ============================================================
2026-05-03 14:10:42 [INFO] TruePeopleSearch Data Extraction Script
2026-05-03 14:10:42 [INFO] Mode: PHASE 1 (single row testing)
2026-05-03 14:10:42 [INFO] ============================================================
2026-05-03 14:10:42 [INFO] [INIT] Setting up VPN connection...
2026-05-03 14:10:42 [INFO] [VPN] Checking initial connection status...
2026-05-03 14:10:43 [INFO] [VPN] Already connected: Connected to USA - Los Angeles - 2
2026-05-03 14:10:43 [INFO] [INPUT] Loaded 585 rows from C:\Users\DELL\Desktop\web scraping\input.csv
2026-05-03 14:10:43 [INFO] [INIT] Phase 1 mode: processing first row only
2026-05-03 14:10:46 [INFO] [INIT] Browser launched with stealth mode
2026-05-03 14:10:46 [INFO] 
──────────────────────────────────────────────────
2026-05-03 14:10:46 [INFO] [ROW 1/1] 2604 Park Street, Commerce, TX
2026-05-03 14:10:46 [INFO] ──────────────────────────────────────────────────
2026-05-03 14:10:46 [INFO] [ROW 1] Attempt 1/3
2026-05-03 14:10:46 [INFO] [SEARCH] Looking up: 2604 Park Street, Commerce, TX
2026-05-03 14:10:51 [INFO] [SEARCH] Cloudflare challenge detected, solving...
2026-05-03 14:10:51 [WARNING] [CAPTCHA] No Turnstile site key found on page — may not be a CAPTCHA page
2026-05-03 14:10:51 [ERROR] [SEARCH] Could not solve Cloudflare challenge
2026-05-03 14:10:51 [WARNING] [ROW 1] Attempt 1 failed, retrying...
2026-05-03 14:10:53 [INFO] [ROW 1] Attempt 2/3
2026-05-03 14:10:53 [INFO] [SEARCH] Looking up: 2604 Park Street, Commerce, TX
2026-05-03 14:10:57 [INFO] [SEARCH] Cloudflare challenge detected, solving...
2026-05-03 14:10:57 [WARNING] [CAPTCHA] No Turnstile site key found on page — may not be a CAPTCHA page
2026-05-03 14:10:57 [ERROR] [SEARCH] Could not solve Cloudflare challenge
2026-05-03 14:10:57 [WARNING] [ROW 1] Attempt 2 failed, retrying...
2026-05-03 14:10:59 [INFO] [ROW 1] Attempt 3/3
2026-05-03 14:10:59 [INFO] [SEARCH] Looking up: 2604 Park Street, Commerce, TX
2026-05-03 14:11:02 [INFO] [SEARCH] Cloudflare challenge detected, solving...
2026-05-03 14:11:02 [WARNING] [CAPTCHA] No Turnstile site key found on page — may not be a CAPTCHA page
2026-05-03 14:11:02 [ERROR] [SEARCH] Could not solve Cloudflare challenge
2026-05-03 14:11:02 [WARNING] [ROW 1] Attempt 3 failed, retrying...
2026-05-03 14:11:04 [ERROR] [ROW 1] ❌ FAILED after 3 attempts — skipping
2026-05-03 14:11:04 [WARNING] [OUTPUT] No successful extractions to save
2026-05-03 14:11:04 [INFO] 
============================================================
2026-05-03 14:11:04 [INFO] SCRAPING COMPLETE
2026-05-03 14:11:04 [INFO]   Total processed:  1
2026-05-03 14:11:04 [INFO]   Successful:       0
2026-05-03 14:11:04 [INFO]   Failed:           1
2026-05-03 14:11:04 [INFO] ============================================================
2026-05-03 14:20:53 [INFO] ============================================================
2026-05-03 14:20:53 [INFO] TruePeopleSearch Data Extraction Script
2026-05-03 14:20:53 [INFO] Mode: PHASE 1 (single row testing)
2026-05-03 14:20:53 [INFO] ============================================================
2026-05-03 14:20:53 [INFO] [INIT] Setting up VPN connection...
2026-05-03 14:20:53 [INFO] [VPN] Checking initial connection status...
2026-05-03 14:20:53 [INFO] [VPN] Already connected: Connected to USA - Los Angeles - 2
2026-05-03 14:20:53 [INFO] [INPUT] Loaded 585 rows from C:\Users\DELL\Desktop\web scraping\input.csv
2026-05-03 14:20:53 [INFO] [INIT] Phase 1 mode: processing first row only
2026-05-03 14:21:03 [INFO] [INIT] Browser launched with stealth mode
2026-05-03 14:21:03 [INFO] 
──────────────────────────────────────────────────
2026-05-03 14:21:03 [INFO] [ROW 1/1] 2604 Park Street, Commerce, TX
2026-05-03 14:21:03 [INFO] ──────────────────────────────────────────────────
2026-05-03 14:21:03 [INFO] [ROW 1] Attempt 1/3
2026-05-03 14:21:03 [INFO] [SEARCH] Looking up: 2604 Park Street, Commerce, TX
2026-05-03 14:21:12 [INFO] [SEARCH] Cloudflare challenge detected, solving...
2026-05-03 14:21:12 [INFO] [CAPTCHA] Waiting up to 15s for JS challenge to auto-resolve...
2026-05-03 14:21:27 [WARNING] [CAPTCHA] Challenge did NOT auto-resolve within 15s
2026-05-03 14:21:27 [INFO] [CAPTCHA] Trying extended wait with mouse movement...
2026-05-03 14:21:30 [INFO] [CAPTCHA] Waiting up to 15s for JS challenge to auto-resolve...
2026-05-03 14:21:47 [WARNING] [CAPTCHA] Challenge did NOT auto-resolve within 15s
2026-05-03 14:21:47 [INFO] [CAPTCHA] Reloading page for fresh challenge attempt...
2026-05-03 14:21:52 [INFO] [CAPTCHA] Waiting up to 20s for JS challenge to auto-resolve...
2026-05-03 14:22:13 [WARNING] [CAPTCHA] Challenge did NOT auto-resolve within 20s
2026-05-03 14:22:13 [ERROR] [CAPTCHA] ❌ All challenge bypass strategies failed
2026-05-03 14:22:13 [ERROR] [SEARCH] Could not solve Cloudflare challenge
2026-05-03 14:22:13 [WARNING] [ROW 1] Attempt 1 failed, retrying...
2026-05-03 14:22:15 [INFO] [ROW 1] Attempt 2/3
2026-05-03 14:22:15 [INFO] [SEARCH] Looking up: 2604 Park Street, Commerce, TX
2026-05-03 14:22:21 [INFO] [SEARCH] Cloudflare challenge detected, solving...
2026-05-03 14:22:21 [INFO] [CAPTCHA] Waiting up to 15s for JS challenge to auto-resolve...
2026-05-03 21:58:12 [INFO] ============================================================
2026-05-03 21:58:12 [INFO] TruePeopleSearch Data Extraction Script
2026-05-03 21:58:12 [INFO] Mode: PHASE 1 (single row testing)
2026-05-03 21:58:12 [INFO] ============================================================
2026-05-03 21:58:12 [INFO] [INIT] Setting up VPN connection...
2026-05-03 21:58:12 [INFO] [VPN] Checking initial connection status...
2026-05-03 21:58:13 [INFO] [VPN] Already connected: unknown location
2026-05-03 21:58:13 [INFO] [INPUT] Loaded 585 rows from C:\Users\DELL\Desktop\web scraping\input.csv
2026-05-03 21:58:13 [INFO] [INIT] Phase 1 mode: processing first row only
2026-05-03 21:58:15 [INFO] [INIT] Browser launched with stealth mode
2026-05-03 21:58:15 [INFO] 
──────────────────────────────────────────────────
2026-05-03 21:58:15 [INFO] [ROW 1/1] 2604 Park Street, Commerce, TX
2026-05-03 21:58:15 [INFO] ──────────────────────────────────────────────────
2026-05-03 21:58:15 [INFO] [ROW 1] Attempt 1/3
2026-05-03 21:58:15 [INFO] [SEARCH] Looking up: 2604 Park Street, Commerce, TX
2026-05-03 21:58:22 [INFO] [SEARCH] Cloudflare challenge detected, solving...
2026-05-03 21:58:22 [INFO] [CAPTCHA] Waiting up to 15s for JS challenge to auto-resolve...
2026-05-03 21:58:22 [INFO] [CAPTCHA] ✅ Challenge auto-resolved after 0.0s
2026-05-03 21:58:51 [INFO] ============================================================
2026-05-03 21:58:51 [INFO] TruePeopleSearch Data Extraction Script
2026-05-03 21:58:51 [INFO] Mode: PHASE 1 (single row testing)
2026-05-03 21:58:51 [INFO] ============================================================
2026-05-03 21:58:51 [INFO] [INIT] Setting up VPN connection...
2026-05-03 21:58:51 [INFO] [VPN] Checking initial connection status...
2026-05-03 21:58:51 [INFO] [VPN] Already connected: Connected to USA - Los Angeles - 2
2026-05-03 21:58:51 [INFO] [INPUT] Loaded 585 rows from C:\Users\DELL\Desktop\web scraping\input.csv
2026-05-03 21:58:51 [INFO] [INIT] Phase 1 mode: processing first row only
2026-05-03 21:58:53 [INFO] [INIT] Browser launched with stealth mode
2026-05-03 21:58:53 [INFO] 
──────────────────────────────────────────────────
2026-05-03 21:58:53 [INFO] [ROW 1/1] 2604 Park Street, Commerce, TX
2026-05-03 21:58:53 [INFO] ──────────────────────────────────────────────────
2026-05-03 21:58:53 [INFO] [ROW 1] Attempt 1/3
2026-05-03 21:58:53 [INFO] [SEARCH] Looking up: 2604 Park Street, Commerce, TX
2026-05-03 21:59:14 [ERROR] [SEARCH] Failed to load homepage: Page.goto: net::ERR_NETWORK_CHANGED at https://www.truepeoplesearch.com/
Call log:
  - navigating to "https://www.truepeoplesearch.com/", waiting until "domcontentloaded"

2026-05-03 21:59:14 [WARNING] [ROW 1] Attempt 1 failed, retrying...
2026-05-03 21:59:16 [INFO] [ROW 1] Attempt 2/3
2026-05-03 21:59:16 [INFO] [SEARCH] Looking up: 2604 Park Street, Commerce, TX
2026-05-03 21:59:33 [INFO] [SEARCH] Cloudflare challenge detected, solving...
2026-05-03 21:59:33 [INFO] [CAPTCHA] Waiting up to 15s for JS challenge to auto-resolve...
2026-05-03 21:59:33 [INFO] [CAPTCHA] ✅ Challenge auto-resolved after 0.0s
2026-05-03 21:59:38 [ERROR] [SEARCH] Still on challenge page after solving
2026-05-03 21:59:38 [WARNING] [ROW 1] Attempt 2 failed, retrying...
2026-05-03 21:59:40 [INFO] [ROW 1] Attempt 3/3
2026-05-03 21:59:40 [INFO] [SEARCH] Looking up: 2604 Park Street, Commerce, TX
2026-05-03 21:59:48 [ERROR] [SEARCH] Failed to load homepage: Page.goto: net::ERR_NAME_NOT_RESOLVED at https://www.truepeoplesearch.com/
Call log:
  - navigating to "https://www.truepeoplesearch.com/", waiting until "domcontentloaded"

2026-05-03 21:59:48 [WARNING] [ROW 1] Attempt 3 failed, retrying...
2026-05-03 21:59:50 [ERROR] [ROW 1] ❌ FAILED after 3 attempts — skipping
2026-05-03 21:59:50 [WARNING] [OUTPUT] No successful extractions to save
2026-05-03 21:59:50 [INFO] 
============================================================
2026-05-03 21:59:50 [INFO] SCRAPING COMPLETE
2026-05-03 21:59:50 [INFO]   Total processed:  1
2026-05-03 21:59:50 [INFO]   Successful:       0
2026-05-03 21:59:50 [INFO]   Failed:           1
2026-05-03 21:59:50 [INFO] ============================================================
2026-05-03 22:00:01 [INFO] ============================================================
2026-05-03 22:00:01 [INFO] TruePeopleSearch Data Extraction Script
2026-05-03 22:00:01 [INFO] Mode: PHASE 1 (single row testing)
2026-05-03 22:00:01 [INFO] ============================================================
2026-05-03 22:00:01 [INFO] [INIT] Setting up VPN connection...
2026-05-03 22:00:01 [INFO] [VPN] Checking initial connection status...
2026-05-03 22:00:01 [INFO] [VPN] Already connected: Connected to USA - Los Angeles - 2
2026-05-03 22:00:01 [INFO] [INPUT] Loaded 585 rows from C:\Users\DELL\Desktop\web scraping\input.csv
2026-05-03 22:00:01 [INFO] [INIT] Phase 1 mode: processing first row only
2026-05-03 22:00:03 [INFO] [INIT] Browser launched with stealth mode
2026-05-03 22:00:03 [INFO] 
──────────────────────────────────────────────────
2026-05-03 22:00:03 [INFO] [ROW 1/1] 2604 Park Street, Commerce, TX
2026-05-03 22:00:03 [INFO] ──────────────────────────────────────────────────
2026-05-03 22:00:03 [INFO] [ROW 1] Attempt 1/3
2026-05-03 22:00:03 [INFO] [SEARCH] Looking up: 2604 Park Street, Commerce, TX
2026-05-03 22:00:15 [INFO] [SEARCH] Cloudflare challenge detected, solving...
2026-05-03 22:00:15 [INFO] [CAPTCHA] Waiting up to 15s for JS challenge to auto-resolve...
2026-05-03 22:00:31 [WARNING] [CAPTCHA] Challenge did NOT auto-resolve within 15s
2026-05-03 22:00:31 [INFO] [CAPTCHA] Trying extended wait with mouse movement...
2026-05-03 22:00:34 [INFO] [CAPTCHA] Waiting up to 15s for JS challenge to auto-resolve...
2026-05-03 22:00:50 [WARNING] [CAPTCHA] Challenge did NOT auto-resolve within 15s
2026-05-03 22:00:50 [INFO] [CAPTCHA] Reloading page for fresh challenge attempt...
2026-05-03 22:00:55 [INFO] [CAPTCHA] Waiting up to 20s for JS challenge to auto-resolve...
2026-05-03 22:01:16 [WARNING] [CAPTCHA] Challenge did NOT auto-resolve within 20s
2026-05-03 22:01:16 [ERROR] [CAPTCHA] ❌ All challenge bypass strategies failed
2026-05-03 22:01:16 [ERROR] [SEARCH] Could not solve Cloudflare challenge
2026-05-03 22:01:16 [WARNING] [ROW 1] Attempt 1 failed, retrying...
2026-05-03 22:01:18 [INFO] [ROW 1] Attempt 2/3
2026-05-03 22:01:18 [INFO] [SEARCH] Looking up: 2604 Park Street, Commerce, TX
2026-05-03 22:01:24 [INFO] [SEARCH] Cloudflare challenge detected, solving...
2026-05-03 22:01:24 [INFO] [CAPTCHA] Waiting up to 15s for JS challenge to auto-resolve...
2026-05-03 22:01:41 [WARNING] [CAPTCHA] Challenge did NOT auto-resolve within 15s
2026-05-03 22:01:41 [INFO] [CAPTCHA] Trying extended wait with mouse movement...
2026-05-03 22:01:43 [INFO] [CAPTCHA] Waiting up to 15s for JS challenge to auto-resolve...
2026-05-03 22:02:00 [WARNING] [CAPTCHA] Challenge did NOT auto-resolve within 15s
2026-05-03 22:02:00 [INFO] [CAPTCHA] Reloading page for fresh challenge attempt...
2026-05-03 22:02:05 [INFO] [CAPTCHA] Waiting up to 20s for JS challenge to auto-resolve...
2026-05-03 22:02:07 [INFO] [CAPTCHA] ✅ Challenge auto-resolved after 2.2s
2026-05-03 22:02:12 [ERROR] [SEARCH] Still on challenge page after solving
2026-05-03 22:02:12 [WARNING] [ROW 1] Attempt 2 failed, retrying...
2026-05-03 22:02:14 [INFO] [ROW 1] Attempt 3/3
2026-05-03 22:02:14 [INFO] [SEARCH] Looking up: 2604 Park Street, Commerce, TX
2026-05-03 22:02:20 [INFO] [SEARCH] Cloudflare challenge detected, solving...
2026-05-03 22:02:20 [INFO] [CAPTCHA] Waiting up to 15s for JS challenge to auto-resolve...
2026-05-03 22:02:37 [WARNING] [CAPTCHA] Challenge did NOT auto-resolve within 15s
2026-05-03 22:02:37 [INFO] [CAPTCHA] Trying extended wait with mouse movement...
2026-05-03 22:02:39 [INFO] [CAPTCHA] Waiting up to 15s for JS challenge to auto-resolve...
2026-05-03 22:02:56 [WARNING] [CAPTCHA] Challenge did NOT auto-resolve within 15s
2026-05-03 22:02:56 [INFO] [CAPTCHA] Reloading page for fresh challenge attempt...
2026-05-03 22:03:01 [INFO] [CAPTCHA] Waiting up to 20s for JS challenge to auto-resolve...
2026-05-03 22:03:22 [WARNING] [CAPTCHA] Challenge did NOT auto-resolve within 20s
2026-05-03 22:03:22 [ERROR] [CAPTCHA] ❌ All challenge bypass strategies failed
2026-05-03 22:03:22 [ERROR] [SEARCH] Could not solve Cloudflare challenge
2026-05-03 22:03:22 [WARNING] [ROW 1] Attempt 3 failed, retrying...
2026-05-03 22:03:24 [ERROR] [ROW 1] ❌ FAILED after 3 attempts — skipping
2026-05-03 22:03:25 [WARNING] [OUTPUT] No successful extractions to save
2026-05-03 22:03:25 [INFO] 
============================================================
2026-05-03 22:03:25 [INFO] SCRAPING COMPLETE
2026-05-03 22:03:25 [INFO]   Total processed:  1
2026-05-03 22:03:25 [INFO]   Successful:       0
2026-05-03 22:03:25 [INFO]   Failed:           1
2026-05-03 22:03:25 [INFO] ============================================================
2026-05-03 22:14:09 [INFO] ============================================================
2026-05-03 22:14:09 [INFO] TruePeopleSearch Data Extraction Script
2026-05-03 22:14:09 [INFO] Mode: PHASE 1 (single row testing)
2026-05-03 22:14:09 [INFO] ============================================================
2026-05-03 22:14:09 [INFO] [INIT] Setting up VPN connection...
2026-05-03 22:14:09 [INFO] [VPN] Checking initial connection status...
2026-05-03 22:14:10 [INFO] [VPN] Already connected: Connected to USA - Los Angeles - 2
2026-05-03 22:14:10 [INFO] [INPUT] Loaded 585 rows from C:\Users\DELL\Desktop\web scraping\input.csv
2026-05-03 22:14:10 [INFO] [INIT] Phase 1 mode: processing first row only
2026-05-03 22:14:12 [INFO] [INIT] Browser launched with stealth mode
2026-05-03 22:14:12 [INFO] 
──────────────────────────────────────────────────
2026-05-03 22:14:12 [INFO] [ROW 1/1] 2604 Park Street, Commerce, TX
2026-05-03 22:14:12 [INFO] ──────────────────────────────────────────────────
2026-05-03 22:14:12 [INFO] [ROW 1] Attempt 1/3
2026-05-03 22:14:12 [INFO] [SEARCH] Looking up: 2604 Park Street, Commerce, TX
2026-05-03 22:14:29 [INFO] [SEARCH] Cloudflare challenge detected, solving...
2026-05-03 22:14:29 [INFO] [CAPTCHA] Waiting up to 10s for challenge to resolve...
2026-05-03 22:14:35 [INFO] [CAPTCHA] ✅ Challenge resolved after 6.3s
2026-05-03 22:14:40 [ERROR] [SEARCH] Still on challenge page after solving
2026-05-03 22:14:40 [WARNING] [ROW 1] Challenge failed — rotating VPN for fresh IP...
2026-05-03 22:14:40 [INFO] [VPN] Disconnecting...
2026-05-03 22:14:42 [INFO] [VPN] Disconnected successfully
2026-05-03 22:14:45 [INFO] [VPN] 🔄 Rotating to: USA - New York (index 1)
2026-05-03 22:14:45 [INFO] [VPN] Connecting to: USA - New York
2026-05-03 22:15:15 [ERROR] [VPN] Command timed out after 30s: C:\Program Files (x86)\ExpressVPN\services\ExpressVPN.CLI.exe connect USA - New York
2026-05-03 22:15:15 [ERROR] [VPN] ❌ Failed to connect to USA - New York: Timeout
2026-05-03 22:15:15 [INFO] [VPN] Fallback: trying USA - Los Angeles
2026-05-03 22:15:15 [INFO] [VPN] Connecting to: USA - Los Angeles
2026-05-03 22:15:15 [WARNING] [VPN] Command failed (rc=1): Already connected, please disconnect first
2026-05-03 22:15:15 [INFO] [VPN] ✅ Connected to USA - Los Angeles
2026-05-03 22:15:26 [INFO] [ROW 1] Attempt 2/3
2026-05-03 22:15:26 [INFO] [SEARCH] Looking up: 2604 Park Street, Commerce, TX
2026-05-03 22:15:37 [INFO] [SEARCH] Cloudflare challenge detected, solving...
2026-05-03 22:15:37 [INFO] [CAPTCHA] Waiting up to 10s for challenge to resolve...
2026-05-03 22:15:48 [WARNING] [CAPTCHA] Challenge did NOT resolve within 10s
2026-05-03 22:15:48 [INFO] [CAPTCHA] Attempting to click Turnstile checkbox...
2026-05-03 22:15:53 [INFO] [CAPTCHA] No Turnstile site key found on page
2026-05-03 22:15:53 [INFO] [CAPTCHA] Trying page reload with human-like interaction...
2026-05-03 22:16:00 [INFO] [CAPTCHA] Waiting up to 10s for challenge to resolve...
2026-05-03 22:16:11 [WARNING] [CAPTCHA] Challenge did NOT resolve within 10s
2026-05-03 22:16:16 [ERROR] [CAPTCHA] ❌ All challenge bypass strategies failed
2026-05-03 22:16:16 [ERROR] [CAPTCHA] Consider rotating VPN for a fresh IP address
2026-05-03 22:16:16 [ERROR] [SEARCH] Could not solve Cloudflare challenge
2026-05-03 22:16:16 [WARNING] [ROW 1] Challenge failed — rotating VPN for fresh IP...
2026-05-03 22:16:16 [INFO] [VPN] Disconnecting...
2026-05-03 22:16:17 [INFO] [VPN] Disconnected successfully
2026-05-03 22:16:20 [INFO] [VPN] 🔄 Rotating to: USA - Chicago (index 3)
2026-05-03 22:16:20 [INFO] [VPN] Connecting to: USA - Chicago
2026-05-03 22:16:50 [ERROR] [VPN] Command timed out after 30s: C:\Program Files (x86)\ExpressVPN\services\ExpressVPN.CLI.exe connect USA - Chicago
2026-05-03 22:16:50 [ERROR] [VPN] ❌ Failed to connect to USA - Chicago: Timeout
2026-05-03 22:16:50 [INFO] [VPN] Fallback: trying USA - Dallas
2026-05-03 22:16:50 [INFO] [VPN] Connecting to: USA - Dallas
2026-05-03 22:16:50 [WARNING] [VPN] Command failed (rc=1): Already connected, please disconnect first
2026-05-03 22:16:50 [INFO] [VPN] ✅ Connected to USA - Dallas
2026-05-03 22:17:01 [INFO] [ROW 1] Attempt 3/3
2026-05-03 22:17:01 [INFO] [SEARCH] Looking up: 2604 Park Street, Commerce, TX
2026-05-03 22:17:05 [ERROR] [SEARCH] Failed to load homepage: Page.goto: net::ERR_NETWORK_CHANGED at https://www.truepeoplesearch.com/
Call log:
  - navigating to "https://www.truepeoplesearch.com/", waiting until "domcontentloaded"

2026-05-03 22:17:05 [WARNING] [ROW 1] Attempt 3 failed, retrying...
2026-05-03 22:17:07 [ERROR] [ROW 1] ❌ FAILED after 3 attempts — skipping
2026-05-03 22:17:07 [WARNING] [OUTPUT] No successful extractions to save
2026-05-03 22:17:07 [INFO] 
============================================================
2026-05-03 22:17:07 [INFO] SCRAPING COMPLETE
2026-05-03 22:17:07 [INFO]   Total processed:  1
2026-05-03 22:17:07 [INFO]   Successful:       0
2026-05-03 22:17:07 [INFO]   Failed:           1
2026-05-03 22:17:07 [INFO] ============================================================
2026-05-03 22:17:24 [INFO] ============================================================
2026-05-03 22:17:24 [INFO] TruePeopleSearch Data Extraction Script
2026-05-03 22:17:24 [INFO] Mode: PHASE 1 (single row testing)
2026-05-03 22:17:24 [INFO] ============================================================
2026-05-03 22:17:24 [INFO] [INIT] Setting up VPN connection...
2026-05-03 22:17:24 [INFO] [VPN] Checking initial connection status...
2026-05-03 22:17:25 [INFO] [VPN] Not connected. Establishing initial connection...
2026-05-03 22:17:25 [INFO] [VPN] Connecting to: USA - New York
2026-05-03 22:17:25 [WARNING] [VPN] Command failed (rc=1): Already connected, please disconnect first
2026-05-03 22:17:25 [INFO] [VPN] ✅ Connected to USA - New York
2026-05-03 22:17:31 [INFO] [INPUT] Loaded 585 rows from C:\Users\DELL\Desktop\web scraping\input.csv
2026-05-03 22:17:31 [INFO] [INIT] Phase 1 mode: processing first row only
2026-05-03 22:17:32 [INFO] [INIT] Browser launched with stealth mode
2026-05-03 22:17:32 [INFO] 
──────────────────────────────────────────────────
2026-05-03 22:17:32 [INFO] [ROW 1/1] 2604 Park Street, Commerce, TX
2026-05-03 22:17:32 [INFO] ──────────────────────────────────────────────────
2026-05-03 22:17:32 [INFO] [ROW 1] Attempt 1/3
2026-05-03 22:17:32 [INFO] [SEARCH] Looking up: 2604 Park Street, Commerce, TX
2026-05-03 22:17:39 [ERROR] [SEARCH] Failed to load homepage: Page.goto: net::ERR_NAME_NOT_RESOLVED at https://www.truepeoplesearch.com/
Call log:
  - navigating to "https://www.truepeoplesearch.com/", waiting until "domcontentloaded"

2026-05-03 22:17:39 [WARNING] [ROW 1] Attempt 1 failed, retrying...
2026-05-03 22:17:41 [INFO] [ROW 1] Attempt 2/3
2026-05-03 22:17:41 [INFO] [SEARCH] Looking up: 2604 Park Street, Commerce, TX
2026-05-03 22:17:41 [ERROR] [SEARCH] Failed to load homepage: Page.goto: net::ERR_NAME_NOT_RESOLVED at https://www.truepeoplesearch.com/
Call log:
  - navigating to "https://www.truepeoplesearch.com/", waiting until "domcontentloaded"

2026-05-03 22:17:41 [WARNING] [ROW 1] Attempt 2 failed, retrying...
2026-05-03 22:17:43 [INFO] [ROW 1] Attempt 3/3
2026-05-03 22:17:43 [INFO] [SEARCH] Looking up: 2604 Park Street, Commerce, TX
2026-05-03 22:17:43 [ERROR] [SEARCH] Failed to load homepage: Page.goto: net::ERR_NAME_NOT_RESOLVED at https://www.truepeoplesearch.com/
Call log:
  - navigating to "https://www.truepeoplesearch.com/", waiting until "domcontentloaded"

2026-05-03 22:17:43 [WARNING] [ROW 1] Attempt 3 failed, retrying...
2026-05-03 22:17:45 [ERROR] [ROW 1] ❌ FAILED after 3 attempts — skipping
2026-05-03 22:17:46 [WARNING] [OUTPUT] No successful extractions to save
2026-05-03 22:17:46 [INFO] 
============================================================
2026-05-03 22:17:46 [INFO] SCRAPING COMPLETE
2026-05-03 22:17:46 [INFO]   Total processed:  1
2026-05-03 22:17:46 [INFO]   Successful:       0
2026-05-03 22:17:46 [INFO]   Failed:           1
2026-05-03 22:17:46 [INFO] ============================================================
2026-05-03 22:17:50 [INFO] ============================================================
2026-05-03 22:17:50 [INFO] TruePeopleSearch Data Extraction Script
2026-05-03 22:17:50 [INFO] Mode: PHASE 1 (single row testing)
2026-05-03 22:17:50 [INFO] ============================================================
2026-05-03 22:17:50 [INFO] [INIT] Setting up VPN connection...
2026-05-03 22:17:50 [INFO] [VPN] Checking initial connection status...
2026-05-03 22:17:50 [INFO] [VPN] Already connected: unknown location
2026-05-03 22:17:50 [INFO] [INPUT] Loaded 585 rows from C:\Users\DELL\Desktop\web scraping\input.csv
2026-05-03 22:17:50 [INFO] [INIT] Phase 1 mode: processing first row only
2026-05-03 22:17:52 [INFO] [INIT] Browser launched with stealth mode
2026-05-03 22:17:52 [INFO] 
──────────────────────────────────────────────────
2026-05-03 22:17:52 [INFO] [ROW 1/1] 2604 Park Street, Commerce, TX
2026-05-03 22:17:52 [INFO] ──────────────────────────────────────────────────
2026-05-03 22:17:52 [INFO] [ROW 1] Attempt 1/3
2026-05-03 22:17:52 [INFO] [SEARCH] Looking up: 2604 Park Street, Commerce, TX
2026-05-03 22:18:01 [INFO] [SEARCH] Cloudflare challenge detected, solving...
2026-05-03 22:18:01 [INFO] [CAPTCHA] Waiting up to 10s for challenge to resolve...
2026-05-03 22:18:11 [WARNING] [CAPTCHA] Challenge did NOT resolve within 10s
2026-05-03 22:18:11 [INFO] [CAPTCHA] Attempting to click Turnstile checkbox...
2026-05-03 22:18:16 [INFO] [CAPTCHA] No Turnstile site key found on page
2026-05-03 22:18:16 [INFO] [CAPTCHA] Trying page reload with human-like interaction...
2026-05-03 22:18:23 [INFO] [CAPTCHA] Waiting up to 10s for challenge to resolve...
2026-05-03 22:18:33 [WARNING] [CAPTCHA] Challenge did NOT resolve within 10s
2026-05-03 22:18:38 [ERROR] [CAPTCHA] ❌ All challenge bypass strategies failed
2026-05-03 22:18:38 [ERROR] [CAPTCHA] Consider rotating VPN for a fresh IP address
2026-05-03 22:18:38 [ERROR] [SEARCH] Could not solve Cloudflare challenge
2026-05-03 22:18:38 [WARNING] [ROW 1] Challenge failed — rotating VPN for fresh IP...
2026-05-03 22:18:38 [INFO] [VPN] Disconnecting...
2026-05-03 22:18:39 [INFO] [VPN] Disconnected successfully
2026-05-03 22:18:42 [INFO] [VPN] 🔄 Rotating to: USA - New York (index 1)
2026-05-03 22:18:42 [INFO] [VPN] Connecting to: USA - New York
2026-05-03 22:19:12 [ERROR] [VPN] Command timed out after 30s: C:\Program Files (x86)\ExpressVPN\services\ExpressVPN.CLI.exe connect USA - New York
2026-05-03 22:19:12 [ERROR] [VPN] ❌ Failed to connect to USA - New York: Timeout
2026-05-03 22:19:12 [INFO] [VPN] Fallback: trying USA - Los Angeles
2026-05-03 22:19:12 [INFO] [VPN] Connecting to: USA - Los Angeles
2026-05-03 22:19:12 [WARNING] [VPN] Command failed (rc=1): Invalid location name or id, please use the "list" command to view the available locations
2026-05-03 22:19:12 [ERROR] [VPN] ❌ Failed to connect to USA - Los Angeles: Invalid location name or id, please use the "list" command to view the available locations
2026-05-03 22:19:12 [ERROR] [ROW 1] VPN rotation failed
2026-05-03 22:19:17 [INFO] [ROW 1] Attempt 2/3
2026-05-03 22:19:17 [INFO] [SEARCH] Looking up: 2604 Park Street, Commerce, TX
2026-05-03 22:19:26 [INFO] [SEARCH] Cloudflare challenge detected, solving...
2026-05-03 22:19:26 [INFO] [CAPTCHA] Waiting up to 10s for challenge to resolve...
2026-05-03 22:19:38 [WARNING] [CAPTCHA] Challenge did NOT resolve within 10s
2026-05-03 22:19:38 [INFO] [CAPTCHA] Attempting to click Turnstile checkbox...
2026-05-03 22:19:43 [INFO] [CAPTCHA] No Turnstile site key found on page
2026-05-03 22:19:43 [INFO] [CAPTCHA] Trying page reload with human-like interaction...
2026-05-03 22:19:48 [WARNING] [CAPTCHA] Reload attempt failed: Page.reload: net::ERR_ABORTED; maybe frame was detached?
Call log:
  - waiting for navigation until "domcontentloaded"

2026-05-03 22:19:48 [ERROR] [CAPTCHA] ❌ All challenge bypass strategies failed
2026-05-03 22:19:48 [ERROR] [CAPTCHA] Consider rotating VPN for a fresh IP address
2026-05-03 22:19:48 [ERROR] [SEARCH] Could not solve Cloudflare challenge
2026-05-03 22:19:48 [WARNING] [ROW 1] Challenge failed — rotating VPN for fresh IP...
2026-05-03 22:19:48 [INFO] [VPN] Disconnecting...
2026-05-03 22:19:50 [INFO] [VPN] Disconnected successfully
2026-05-03 22:19:53 [INFO] [VPN] 🔄 Rotating to: USA - Chicago (index 3)
2026-05-03 22:19:53 [INFO] [VPN] Connecting to: USA - Chicago
2026-05-03 22:20:30 [INFO] ============================================================
2026-05-03 22:20:30 [INFO] TruePeopleSearch Data Extraction Script
2026-05-03 22:20:30 [INFO] Mode: PHASE 1 (single row testing)
2026-05-03 22:20:30 [INFO] ============================================================
2026-05-03 22:20:30 [INFO] [INIT] Setting up VPN connection...
2026-05-03 22:20:30 [INFO] [VPN] Checking initial connection status...
2026-05-03 22:20:30 [INFO] [VPN] Already connected: Connected to USA - New York
2026-05-03 22:20:30 [INFO] [INPUT] Loaded 585 rows from C:\Users\DELL\Desktop\web scraping\input.csv
2026-05-03 22:20:30 [INFO] [INIT] Phase 1 mode: processing first row only
2026-05-03 22:20:32 [INFO] [INIT] Browser launched with stealth mode
2026-05-03 22:20:32 [INFO] 
──────────────────────────────────────────────────
2026-05-03 22:20:32 [INFO] [ROW 1/1] 2604 Park Street, Commerce, TX
2026-05-03 22:20:32 [INFO] ──────────────────────────────────────────────────
2026-05-03 22:20:32 [INFO] [ROW 1] Attempt 1/3
2026-05-03 22:20:32 [INFO] [SEARCH] Looking up: 2604 Park Street, Commerce, TX
2026-05-03 22:20:49 [INFO] [SEARCH] Cloudflare challenge detected, solving...
2026-05-03 22:20:49 [INFO] [CAPTCHA] Waiting up to 10s for challenge to resolve...
2026-05-03 22:20:59 [WARNING] [CAPTCHA] Challenge did NOT resolve within 10s
2026-05-03 22:20:59 [INFO] [CAPTCHA] Attempting to click Turnstile checkbox...
2026-05-03 22:21:04 [INFO] [CAPTCHA] No Turnstile site key found on page
2026-05-03 22:21:04 [INFO] [CAPTCHA] Trying page reload with human-like interaction...
2026-05-03 22:21:16 [INFO] [CAPTCHA] Waiting up to 10s for challenge to resolve...
2026-05-03 22:21:27 [WARNING] [CAPTCHA] Challenge did NOT resolve within 10s
2026-05-03 22:21:32 [ERROR] [CAPTCHA] ❌ All challenge bypass strategies failed
2026-05-03 22:21:32 [ERROR] [CAPTCHA] Consider rotating VPN for a fresh IP address
2026-05-03 22:21:32 [ERROR] [SEARCH] Could not solve Cloudflare challenge
2026-05-03 22:21:32 [WARNING] [ROW 1] Challenge failed — rotating VPN for fresh IP...
2026-05-03 22:21:32 [INFO] [VPN] Disconnecting...
2026-05-03 22:21:33 [INFO] [VPN] Disconnected successfully
2026-05-03 22:21:36 [INFO] [VPN] 🔄 Rotating to: USA - New York (index 1)
2026-05-03 22:21:36 [INFO] [VPN] Connecting to: USA - New York
2026-05-03 22:22:06 [ERROR] [VPN] Command timed out after 30s: C:\Program Files (x86)\ExpressVPN\services\ExpressVPN.CLI.exe connect USA - New York
2026-05-03 22:22:06 [ERROR] [VPN] ❌ Failed to connect to USA - New York: Timeout
2026-05-03 22:22:06 [INFO] [VPN] Fallback: trying USA - Los Angeles
2026-05-03 22:22:06 [INFO] [VPN] Connecting to: USA - Los Angeles
2026-05-03 22:22:06 [WARNING] [VPN] Command failed (rc=1): Already connected, please disconnect first
2026-05-03 22:22:06 [INFO] [VPN] ✅ Connected to USA - Los Angeles
2026-05-03 22:22:17 [INFO] [ROW 1] Attempt 2/3
2026-05-03 22:22:17 [INFO] [SEARCH] Looking up: 2604 Park Street, Commerce, TX
2026-05-03 22:22:17 [ERROR] [SEARCH] Failed to load homepage: Page.goto: net::ERR_NETWORK_ACCESS_DENIED at https://www.truepeoplesearch.com/
Call log:
  - navigating to "https://www.truepeoplesearch.com/", waiting until "domcontentloaded"

2026-05-03 22:22:17 [WARNING] [ROW 1] Attempt 2 failed, retrying...
2026-05-03 22:22:20 [INFO] [ROW 1] Attempt 3/3
2026-05-03 22:22:20 [INFO] [SEARCH] Looking up: 2604 Park Street, Commerce, TX
2026-05-03 22:22:22 [ERROR] [SEARCH] Failed to load homepage: Page.goto: net::ERR_NETWORK_ACCESS_DENIED at https://www.truepeoplesearch.com/
Call log:
  - navigating to "https://www.truepeoplesearch.com/", waiting until "domcontentloaded"

2026-05-03 22:22:22 [WARNING] [ROW 1] Attempt 3 failed, retrying...
2026-05-03 22:22:24 [ERROR] [ROW 1] ❌ FAILED after 3 attempts — skipping
2026-05-03 22:22:24 [WARNING] [OUTPUT] No successful extractions to save
2026-05-03 22:22:24 [INFO] 
============================================================
2026-05-03 22:22:24 [INFO] SCRAPING COMPLETE
2026-05-03 22:22:24 [INFO]   Total processed:  1
2026-05-03 22:22:24 [INFO]   Successful:       0
2026-05-03 22:22:24 [INFO]   Failed:           1
2026-05-03 22:22:24 [INFO] ============================================================
2026-05-03 22:23:16 [INFO] ============================================================
2026-05-03 22:23:16 [INFO] TruePeopleSearch Data Extraction Script
2026-05-03 22:23:16 [INFO] Mode: PHASE 1 (single row testing)
2026-05-03 22:23:16 [INFO] ============================================================
2026-05-03 22:23:16 [INFO] [INIT] Setting up VPN connection...
2026-05-03 22:23:16 [INFO] [VPN] Checking initial connection status...
2026-05-03 22:23:16 [INFO] [VPN] Already connected: Connected to USA - New York
2026-05-03 22:23:16 [INFO] [INPUT] Loaded 585 rows from C:\Users\DELL\Desktop\web scraping\input.csv
2026-05-03 22:23:16 [INFO] [INIT] Phase 1 mode: processing first row only
2026-05-03 22:23:17 [INFO] [INIT] Browser launched with stealth mode
2026-05-03 22:23:17 [INFO] 
──────────────────────────────────────────────────
2026-05-03 22:23:17 [INFO] [ROW 1/1] 2604 Park Street, Commerce, TX
2026-05-03 22:23:17 [INFO] ──────────────────────────────────────────────────
2026-05-03 22:23:17 [INFO] [ROW 1] Attempt 1/3
2026-05-03 22:23:17 [INFO] [SEARCH] Looking up: 2604 Park Street, Commerce, TX
2026-05-03 22:23:39 [INFO] [SEARCH] Cloudflare challenge detected, solving...
2026-05-03 22:23:39 [INFO] [CAPTCHA] Waiting up to 10s for challenge to resolve...
2026-05-03 22:23:49 [WARNING] [CAPTCHA] Challenge did NOT resolve within 10s
2026-05-03 22:23:49 [INFO] [CAPTCHA] Attempting to click Turnstile checkbox...
2026-05-03 22:23:54 [INFO] [CAPTCHA] No Turnstile site key found on page
2026-05-03 22:23:54 [INFO] [CAPTCHA] Trying page reload with human-like interaction...
2026-05-03 22:24:05 [INFO] [CAPTCHA] Waiting up to 10s for challenge to resolve...
2026-05-03 22:24:05 [INFO] [CAPTCHA] ✅ Challenge resolved after 0.1s
2026-05-03 22:24:10 [ERROR] [SEARCH] Still on challenge page after solving
2026-05-03 22:24:10 [WARNING] [ROW 1] Challenge failed — rotating VPN for fresh IP...
2026-05-03 22:24:10 [INFO] [VPN] Disconnecting...
2026-05-03 22:24:11 [INFO] [VPN] Disconnected successfully
2026-05-03 22:24:14 [INFO] [VPN] 🔄 Rotating to: USA - New York (index 1)
2026-05-03 22:24:14 [INFO] [VPN] Connecting to: USA - New York
2026-05-03 22:24:44 [ERROR] [VPN] Command timed out after 30s: C:\Program Files (x86)\ExpressVPN\services\ExpressVPN.CLI.exe connect USA - New York
2026-05-03 22:24:44 [ERROR] [VPN] ❌ Failed to connect to USA - New York: Timeout
2026-05-03 22:24:44 [INFO] [VPN] Fallback: trying USA - Los Angeles
2026-05-03 22:24:44 [INFO] [VPN] Connecting to: USA - Los Angeles
2026-05-03 22:24:45 [WARNING] [VPN] Command failed (rc=1): Already connected, please disconnect first
2026-05-03 22:24:45 [INFO] [VPN] ✅ Connected to USA - Los Angeles
2026-05-03 22:24:56 [INFO] [ROW 1] Attempt 2/3
2026-05-03 22:24:56 [INFO] [SEARCH] Looking up: 2604 Park Street, Commerce, TX
2026-05-03 22:24:57 [ERROR] [SEARCH] Failed to load homepage: Page.goto: net::ERR_NAME_NOT_RESOLVED at https://www.truepeoplesearch.com/
Call log:
  - navigating to "https://www.truepeoplesearch.com/", waiting until "domcontentloaded"

2026-05-03 22:24:57 [WARNING] [ROW 1] Attempt 2 failed, retrying...
2026-05-03 22:24:59 [INFO] [ROW 1] Attempt 3/3
2026-05-03 22:24:59 [INFO] [SEARCH] Looking up: 2604 Park Street, Commerce, TX
2026-05-03 22:25:12 [INFO] [SEARCH] Cloudflare challenge detected, solving...
2026-05-03 22:25:12 [INFO] [CAPTCHA] Waiting up to 10s for challenge to resolve...
2026-05-03 22:25:22 [WARNING] [CAPTCHA] Challenge did NOT resolve within 10s
2026-05-03 22:25:22 [INFO] [CAPTCHA] Attempting to click Turnstile checkbox...
2026-05-03 22:25:27 [INFO] [CAPTCHA] No Turnstile site key found on page
2026-05-03 22:25:27 [INFO] [CAPTCHA] Trying page reload with human-like interaction...
2026-05-03 22:25:34 [INFO] [CAPTCHA] Waiting up to 10s for challenge to resolve...
2026-05-03 22:25:44 [WARNING] [CAPTCHA] Challenge did NOT resolve within 10s
2026-05-03 22:25:49 [ERROR] [CAPTCHA] ❌ All challenge bypass strategies failed
2026-05-03 22:25:49 [ERROR] [CAPTCHA] Consider rotating VPN for a fresh IP address
2026-05-03 22:25:49 [ERROR] [SEARCH] Could not solve Cloudflare challenge
2026-05-03 22:25:49 [WARNING] [ROW 1] Challenge failed — rotating VPN for fresh IP...
2026-05-03 22:25:49 [INFO] [VPN] Disconnecting...
2026-05-03 22:25:51 [INFO] [VPN] Disconnected successfully
2026-05-03 22:25:54 [INFO] [VPN] 🔄 Rotating to: USA - Chicago (index 3)
2026-05-03 22:25:54 [INFO] [VPN] Connecting to: USA - Chicago
2026-05-03 22:26:24 [ERROR] [VPN] Command timed out after 30s: C:\Program Files (x86)\ExpressVPN\services\ExpressVPN.CLI.exe connect USA - Chicago
2026-05-03 22:26:24 [ERROR] [VPN] ❌ Failed to connect to USA - Chicago: Timeout
2026-05-03 22:26:24 [INFO] [VPN] Fallback: trying USA - Dallas
2026-05-03 22:26:24 [INFO] [VPN] Connecting to: USA - Dallas
2026-05-03 22:26:54 [ERROR] [VPN] Command timed out after 30s: C:\Program Files (x86)\ExpressVPN\services\ExpressVPN.CLI.exe connect USA - Dallas
2026-05-03 22:26:54 [ERROR] [VPN] ❌ Failed to connect to USA - Dallas: Timeout
2026-05-03 22:26:54 [ERROR] [ROW 1] VPN rotation failed
2026-05-03 22:26:59 [ERROR] [ROW 1] ❌ FAILED after 3 attempts — skipping
2026-05-03 22:26:59 [WARNING] [OUTPUT] No successful extractions to save
2026-05-03 22:26:59 [INFO] 
============================================================
2026-05-03 22:26:59 [INFO] SCRAPING COMPLETE
2026-05-03 22:26:59 [INFO]   Total processed:  1
2026-05-03 22:26:59 [INFO]   Successful:       0
2026-05-03 22:26:59 [INFO]   Failed:           1
2026-05-03 22:26:59 [INFO] ============================================================
2026-05-07 09:35:05 [INFO] ============================================================
2026-05-07 09:35:05 [INFO] TruePeopleSearch Data Extraction Script
2026-05-07 09:35:05 [INFO] Mode: PHASE 1 (single row testing)
2026-05-07 09:35:05 [INFO] ============================================================
2026-05-07 09:35:05 [INFO] [INIT] Setting up VPN connection...
2026-05-07 09:35:05 [INFO] [VPN] Checking initial connection status...
2026-05-07 09:35:06 [INFO] [VPN] Already connected: unknown location
2026-05-07 09:35:06 [INFO] [INPUT] Loaded 585 rows from C:\Users\DELL\Desktop\New folder (8)\web-crawler\input.csv
2026-05-07 09:35:06 [INFO] [INIT] Phase 1 mode: processing first row only
2026-05-07 09:35:08 [INFO] [INIT] Browser launched with stealth mode
2026-05-07 09:35:08 [INFO] 
──────────────────────────────────────────────────
2026-05-07 09:35:08 [INFO] [ROW 1/1] 2604 Park Street, Commerce, TX
2026-05-07 09:35:08 [INFO] ──────────────────────────────────────────────────
2026-05-07 09:35:08 [INFO] [ROW 1] Attempt 1/3
2026-05-07 09:35:08 [INFO] [SEARCH] Looking up: 2604 Park Street, Commerce, TX
2026-05-07 09:35:11 [ERROR] [SEARCH] Failed to load homepage: Page.wait_for_timeout: Target page, context or browser has been closed
2026-05-07 09:35:11 [WARNING] [ROW 1] Attempt 1 failed, retrying...
2026-05-07 09:50:49 [INFO] ============================================================
2026-05-07 09:50:49 [INFO] TruePeopleSearch Data Extraction Script
2026-05-07 09:50:49 [INFO] Mode: PHASE 1 (single row testing)
2026-05-07 09:50:49 [INFO] CAPTCHA: Extension/Manual solve (automated solver DISABLED)
2026-05-07 09:50:49 [INFO] VPN/IP Rotation: DISABLED (temporarily)
2026-05-07 09:50:49 [INFO] ============================================================
2026-05-07 09:50:49 [INFO] [INIT] VPN/IP rotation is DISABLED — using current IP
2026-05-07 09:50:49 [INFO] [INPUT] Loaded 585 rows from C:\Users\DELL\Desktop\New folder (8)\web-crawler\input.csv
2026-05-07 09:50:49 [INFO] [INIT] Phase 1 mode: processing first row only
2026-05-07 09:50:49 [INFO] [CHROME] Launching Chrome with profile: Default
2026-05-07 09:50:49 [INFO] [CHROME] User data dir: C:\Users\DELL\AppData\Local\Google\Chrome\User Data
2026-05-07 09:50:49 [INFO] [CHROME] Chrome launched (PID: 1820), waiting for startup...
2026-05-07 09:50:54 [INFO] [INIT] Connecting to Chrome via CDP on port 9222...
2026-05-07 09:50:54 [ERROR] [ERROR] Fatal error: BrowserType.connect_over_cdp: connect ECONNREFUSED ::1:9222
Call log:
  - <ws preparing> retrieving websocket url from http://localhost:9222

2026-05-07 09:50:54 [ERROR] [ERROR] Make sure Chrome is not already running, or close all Chrome windows first
2026-05-07 09:50:59 [INFO] ============================================================
2026-05-07 09:50:59 [INFO] TruePeopleSearch Data Extraction Script
2026-05-07 09:50:59 [INFO] Mode: PHASE 1 (single row testing)
2026-05-07 09:50:59 [INFO] CAPTCHA: Extension/Manual solve (automated solver DISABLED)
2026-05-07 09:50:59 [INFO] VPN/IP Rotation: DISABLED (temporarily)
2026-05-07 09:50:59 [INFO] ============================================================
2026-05-07 09:50:59 [INFO] [INIT] VPN/IP rotation is DISABLED — using current IP
2026-05-07 09:50:59 [INFO] [INPUT] Loaded 585 rows from C:\Users\DELL\Desktop\New folder (8)\web-crawler\input.csv
2026-05-07 09:50:59 [INFO] [INIT] Phase 1 mode: processing first row only
2026-05-07 09:50:59 [INFO] [CHROME] Launching Chrome with profile: Default
2026-05-07 09:50:59 [INFO] [CHROME] User data dir: C:\Users\DELL\AppData\Local\Google\Chrome\User Data
2026-05-07 09:50:59 [INFO] [CHROME] Chrome launched (PID: 12888), waiting for startup...
2026-05-07 09:51:04 [INFO] [INIT] Connecting to Chrome via CDP on port 9222...
2026-05-07 09:51:04 [ERROR] [ERROR] Fatal error: BrowserType.connect_over_cdp: connect ECONNREFUSED ::1:9222
Call log:
  - <ws preparing> retrieving websocket url from http://localhost:9222

2026-05-07 09:51:04 [ERROR] [ERROR] Make sure Chrome is not already running, or close all Chrome windows first
2026-05-07 09:51:25 [INFO] ============================================================
2026-05-07 09:51:25 [INFO] TruePeopleSearch Data Extraction Script
2026-05-07 09:51:25 [INFO] Mode: PHASE 1 (single row testing)
2026-05-07 09:51:25 [INFO] CAPTCHA: Extension/Manual solve (automated solver DISABLED)
2026-05-07 09:51:25 [INFO] VPN/IP Rotation: DISABLED (temporarily)
2026-05-07 09:51:25 [INFO] ============================================================
2026-05-07 09:51:25 [INFO] [INIT] VPN/IP rotation is DISABLED — using current IP
2026-05-07 09:51:25 [INFO] [INPUT] Loaded 585 rows from C:\Users\DELL\Desktop\New folder (8)\web-crawler\input.csv
2026-05-07 09:51:25 [INFO] [INIT] Phase 1 mode: processing first row only
2026-05-07 09:51:25 [INFO] [CHROME] Launching Chrome with profile: Default
2026-05-07 09:51:25 [INFO] [CHROME] User data dir: C:\Users\DELL\AppData\Local\Google\Chrome\User Data
2026-05-07 09:51:25 [INFO] [CHROME] Chrome launched (PID: 17340), waiting for startup...
2026-05-07 09:51:32 [INFO] [INIT] Connecting to Chrome via CDP on port 9222...
2026-05-07 09:51:32 [ERROR] [ERROR] Fatal error: BrowserType.connect_over_cdp: connect ECONNREFUSED ::1:9222
Call log:
  - <ws preparing> retrieving websocket url from http://localhost:9222

2026-05-07 09:51:32 [ERROR] [ERROR] Make sure Chrome is not already running, or close all Chrome windows first
2026-05-07 09:51:41 [INFO] ============================================================
2026-05-07 09:51:41 [INFO] TruePeopleSearch Data Extraction Script
2026-05-07 09:51:41 [INFO] Mode: PHASE 1 (single row testing)
2026-05-07 09:51:41 [INFO] CAPTCHA: Extension/Manual solve (automated solver DISABLED)
2026-05-07 09:51:41 [INFO] VPN/IP Rotation: DISABLED (temporarily)
2026-05-07 09:51:41 [INFO] ============================================================
2026-05-07 09:51:41 [INFO] [INIT] VPN/IP rotation is DISABLED — using current IP
2026-05-07 09:51:41 [INFO] [INPUT] Loaded 585 rows from C:\Users\DELL\Desktop\New folder (8)\web-crawler\input.csv
2026-05-07 09:51:41 [INFO] [INIT] Phase 1 mode: processing first row only
2026-05-07 09:51:41 [INFO] [CHROME] Launching Chrome with profile: Default
2026-05-07 09:51:41 [INFO] [CHROME] User data dir: C:\Users\DELL\AppData\Local\Google\Chrome\User Data
2026-05-07 09:51:41 [INFO] [CHROME] Chrome launched (PID: 11760), waiting for startup...
2026-05-07 09:51:46 [INFO] [INIT] Connecting to Chrome via CDP on port 9222...
2026-05-07 09:51:47 [ERROR] [ERROR] Fatal error: BrowserType.connect_over_cdp: connect ECONNREFUSED ::1:9222
Call log:
  - <ws preparing> retrieving websocket url from http://localhost:9222

2026-05-07 09:51:47 [ERROR] [ERROR] Make sure Chrome is not already running, or close all Chrome windows first
2026-05-07 09:52:48 [INFO] ============================================================
2026-05-07 09:52:48 [INFO] TruePeopleSearch Data Extraction Script
2026-05-07 09:52:48 [INFO] Mode: PHASE 1 (single row testing)
2026-05-07 09:52:48 [INFO] CAPTCHA: Extension/Manual solve (automated solver DISABLED)
2026-05-07 09:52:48 [INFO] VPN/IP Rotation: DISABLED (temporarily)
2026-05-07 09:52:48 [INFO] ============================================================
2026-05-07 09:52:48 [INFO] [INIT] VPN/IP rotation is DISABLED — using current IP
2026-05-07 09:52:48 [INFO] [INPUT] Loaded 585 rows from C:\Users\DELL\Desktop\New folder (8)\web-crawler\input.csv
2026-05-07 09:52:48 [INFO] [INIT] Phase 1 mode: processing first row only
2026-05-07 09:52:48 [INFO] [CHROME] Launching Chrome with profile: Default
2026-05-07 09:52:48 [INFO] [CHROME] User data dir: C:\Users\DELL\AppData\Local\Google\Chrome\User Data
2026-05-07 09:52:48 [INFO] [CHROME] Chrome launched (PID: 13976), waiting for startup...
2026-05-07 09:52:53 [INFO] [INIT] Connecting to Chrome via CDP on port 9222...
2026-05-07 09:52:54 [ERROR] [ERROR] Fatal error: BrowserType.connect_over_cdp: connect ECONNREFUSED ::1:9222
Call log:
  - <ws preparing> retrieving websocket url from http://localhost:9222

2026-05-07 09:52:54 [ERROR] [ERROR] Make sure Chrome is not already running, or close all Chrome windows first
2026-05-07 09:52:59 [INFO] ============================================================
2026-05-07 09:52:59 [INFO] TruePeopleSearch Data Extraction Script
2026-05-07 09:52:59 [INFO] Mode: PHASE 1 (single row testing)
2026-05-07 09:52:59 [INFO] CAPTCHA: Extension/Manual solve (automated solver DISABLED)
2026-05-07 09:52:59 [INFO] VPN/IP Rotation: DISABLED (temporarily)
2026-05-07 09:52:59 [INFO] ============================================================
2026-05-07 09:52:59 [INFO] [INIT] VPN/IP rotation is DISABLED — using current IP
2026-05-07 09:52:59 [INFO] [INPUT] Loaded 585 rows from C:\Users\DELL\Desktop\New folder (8)\web-crawler\input.csv
2026-05-07 09:52:59 [INFO] [INIT] Phase 1 mode: processing first row only
2026-05-07 09:52:59 [INFO] [CHROME] Launching Chrome with profile: Profile 11
2026-05-07 09:52:59 [INFO] [CHROME] User data dir: C:\Users\DELL\AppData\Local\Google\Chrome\User Data
2026-05-07 09:52:59 [INFO] [CHROME] Chrome launched (PID: 4764), waiting for startup...
2026-05-07 09:53:03 [INFO] [INIT] Connecting to Chrome via CDP on port 9222...
2026-05-07 09:53:04 [ERROR] [ERROR] Fatal error: BrowserType.connect_over_cdp: connect ECONNREFUSED ::1:9222
Call log:
  - <ws preparing> retrieving websocket url from http://localhost:9222

2026-05-07 09:53:04 [ERROR] [ERROR] Make sure Chrome is not already running, or close all Chrome windows first
2026-05-07 09:55:12 [INFO] ============================================================
2026-05-07 09:55:12 [INFO] TruePeopleSearch Data Extraction Script
2026-05-07 09:55:12 [INFO] Mode: PHASE 1 (single row testing)
2026-05-07 09:55:12 [INFO] CAPTCHA: Extension/Manual solve (automated solver DISABLED)
2026-05-07 09:55:12 [INFO] VPN/IP Rotation: DISABLED (temporarily)
2026-05-07 09:55:12 [INFO] ============================================================
2026-05-07 09:55:12 [INFO] [INIT] VPN/IP rotation is DISABLED — using current IP
2026-05-07 09:55:12 [INFO] [INPUT] Loaded 585 rows from C:\Users\DELL\Desktop\New folder (8)\web-crawler\input.csv
2026-05-07 09:55:12 [INFO] [INIT] Phase 1 mode: processing first row only
2026-05-07 09:55:12 [INFO] [CHROME] Closing any existing Chrome processes...
2026-05-07 09:55:14 [INFO] [CHROME] Existing Chrome processes terminated
2026-05-07 09:55:14 [INFO] [CHROME] Launching Chrome with profile: Profile 11
2026-05-07 09:55:14 [INFO] [CHROME] User data dir: C:\Users\DELL\AppData\Local\Google\Chrome\User Data
2026-05-07 09:55:14 [INFO] [CHROME] Chrome launched (PID: 10836), waiting for CDP ready...
2026-05-07 09:55:29 [WARNING] [CHROME] ⚠️ CDP port 9222 not responding after 15s — will try connecting anyway
2026-05-07 09:55:30 [INFO] [INIT] Connecting to Chrome via CDP on port 9222...
2026-05-07 09:55:30 [ERROR] [ERROR] Fatal error: BrowserType.connect_over_cdp: connect ECONNREFUSED 127.0.0.1:9222
Call log:
  - <ws preparing> retrieving websocket url from http://127.0.0.1:9222

2026-05-07 09:55:30 [ERROR] [ERROR] Make sure Chrome is not already running, or close all Chrome windows first
2026-05-07 09:56:58 [INFO] ============================================================
2026-05-07 09:56:58 [INFO] TruePeopleSearch Data Extraction Script
2026-05-07 09:56:58 [INFO] Mode: PHASE 1 (single row testing)
2026-05-07 09:56:58 [INFO] CAPTCHA: Extension/Manual solve (automated solver DISABLED)
2026-05-07 09:56:58 [INFO] VPN/IP Rotation: DISABLED (temporarily)
2026-05-07 09:56:58 [INFO] ============================================================
2026-05-07 09:56:58 [INFO] [INIT] VPN/IP rotation is DISABLED — using current IP
2026-05-07 09:56:58 [INFO] [INPUT] Loaded 585 rows from C:\Users\DELL\Desktop\New folder (8)\web-crawler\input.csv
2026-05-07 09:56:58 [INFO] [INIT] Phase 1 mode: processing first row only
2026-05-07 09:56:58 [INFO] [CHROME] Closing any existing Chrome processes...
2026-05-07 09:57:02 [INFO] [CHROME] Existing Chrome processes terminated
2026-05-07 09:57:02 [INFO] [CHROME] Launching Chrome with profile: Profile 11
2026-05-07 09:57:02 [INFO] [CHROME] User data dir: C:\Users\DELL\AppData\Local\Google\Chrome\User Data
2026-05-07 09:57:02 [INFO] [CHROME] Chrome launched (PID: 10920), waiting for CDP ready...
2026-05-07 09:57:18 [WARNING] [CHROME] ⚠️ CDP port 9222 not responding after 15s — will try connecting anyway
2026-05-07 09:57:19 [INFO] [INIT] Connecting to Chrome via CDP on port 9222...
2026-05-07 09:57:19 [ERROR] [ERROR] Fatal error: BrowserType.connect_over_cdp: connect ECONNREFUSED 127.0.0.1:9222
Call log:
  - <ws preparing> retrieving websocket url from http://127.0.0.1:9222

2026-05-07 09:57:19 [ERROR] [ERROR] Make sure Chrome is not already running, or close all Chrome windows first
2026-05-07 09:58:47 [INFO] ============================================================
2026-05-07 09:58:47 [INFO] TruePeopleSearch Data Extraction Script
2026-05-07 09:58:47 [INFO] Mode: PHASE 1 (single row testing)
2026-05-07 09:58:47 [INFO] CAPTCHA: Extension/Manual solve (automated solver DISABLED)
2026-05-07 09:58:47 [INFO] VPN/IP Rotation: DISABLED (temporarily)
2026-05-07 09:58:47 [INFO] ============================================================
2026-05-07 09:58:47 [INFO] [INIT] VPN/IP rotation is DISABLED — using current IP
2026-05-07 09:58:47 [INFO] [INPUT] Loaded 585 rows from C:\Users\DELL\Desktop\New folder (8)\web-crawler\input.csv
2026-05-07 09:58:47 [INFO] [INIT] Phase 1 mode: processing first row only
2026-05-07 09:58:47 [INFO] [CHROME] Closing any existing Chrome processes...
2026-05-07 09:58:51 [INFO] [CHROME] Existing Chrome processes terminated
2026-05-07 09:58:51 [INFO] [CHROME] Launching Chrome with profile: Profile 11
2026-05-07 09:58:51 [INFO] [CHROME] User data dir: C:\Users\DELL\AppData\Local\Google\Chrome\User Data
2026-05-07 09:58:51 [INFO] [CHROME] Command: "C:\Program Files\Google\Chrome\Application\chrome.exe" --remote-debugging-port=9222 "--user-data-dir=C:\Users\DELL\AppData\Local\Google\Chrome\User Data" "--profile-directory=Profile 11" --no-first-run --no-default-browser-check --start-maximized
2026-05-07 09:58:51 [INFO] [CHROME] Chrome launched (PID: 13564), waiting for CDP ready...
2026-05-07 09:59:06 [WARNING] [CHROME] ⚠️ CDP port 9222 not responding after 15s — will try connecting anyway
2026-05-07 09:59:07 [INFO] [INIT] Connecting to Chrome via CDP on port 9222...
2026-05-07 09:59:07 [ERROR] [ERROR] Fatal error: BrowserType.connect_over_cdp: connect ECONNREFUSED 127.0.0.1:9222
Call log:
  - <ws preparing> retrieving websocket url from http://127.0.0.1:9222

2026-05-07 09:59:07 [ERROR] [ERROR] Make sure Chrome is not already running, or close all Chrome windows first
2026-05-07 10:02:32 [INFO] ============================================================
2026-05-07 10:02:32 [INFO] TruePeopleSearch Data Extraction Script
2026-05-07 10:02:32 [INFO] Mode: PHASE 1 (single row testing)
2026-05-07 10:02:32 [INFO] CAPTCHA: Extension/Manual solve (automated solver DISABLED)
2026-05-07 10:02:32 [INFO] VPN/IP Rotation: DISABLED (temporarily)
2026-05-07 10:02:32 [INFO] ============================================================
2026-05-07 10:02:32 [INFO] [INIT] VPN/IP rotation is DISABLED — using current IP
2026-05-07 10:02:32 [INFO] [INPUT] Loaded 585 rows from C:\Users\DELL\Desktop\New folder (8)\web-crawler\input.csv
2026-05-07 10:02:32 [INFO] [INIT] Phase 1 mode: processing first row only
2026-05-07 10:02:32 [INFO] [CHROME] Closing any existing Chrome processes...
2026-05-07 10:02:35 [INFO] [CHROME] Existing Chrome processes terminated
2026-05-07 10:02:35 [INFO] [CHROME] Launching Chrome with profile: Profile 11
2026-05-07 10:02:35 [INFO] [CHROME] User data dir: C:\Users\DELL\AppData\Local\Google\Chrome\User Data
2026-05-07 10:02:35 [INFO] [CHROME] Launching via PowerShell...
2026-05-07 10:02:36 [INFO] [CHROME] Chrome launch command sent, waiting for CDP ready...
2026-05-07 10:02:36 [INFO] [CHROME] CDP port 9222 is ready
2026-05-07 10:02:38 [INFO] [INIT] Connecting to Chrome via CDP on port 9222...
2026-05-07 10:02:39 [INFO] [INIT] Connected to existing browser context (4 open tabs)
2026-05-07 10:02:39 [INFO] [INIT] Using existing tab
2026-05-07 10:02:39 [INFO] [INIT] ✅ Browser ready with personal profile + extensions
2026-05-07 10:02:39 [INFO] 
──────────────────────────────────────────────────
2026-05-07 10:02:39 [INFO] [ROW 1/1] 2604 Park Street, Commerce, TX
2026-05-07 10:02:39 [INFO] ──────────────────────────────────────────────────
2026-05-07 10:02:39 [INFO] [ROW 1] Attempt 1/3
2026-05-07 10:02:39 [INFO] [SEARCH] Looking up: 2604 Park Street, Commerce, TX
2026-05-07 10:02:48 [INFO] [SEARCH] Cloudflare challenge detected, waiting for solve...
2026-05-07 10:02:48 [INFO] ==================================================
2026-05-07 10:02:48 [INFO] [CAPTCHA] ⏳ CAPTCHA/Challenge detected!
2026-05-07 10:02:48 [INFO] [CAPTCHA] Waiting for your extension or manual solve...
2026-05-07 10:02:48 [INFO] [CAPTCHA] Timeout: 300s — solve it in the browser window
2026-05-07 10:02:48 [INFO] ==================================================
2026-05-07 10:04:37 [INFO] [CAPTCHA] ✅ Challenge resolved after 108.7s
2026-05-07 10:04:37 [ERROR] [ERROR] Fatal error: Page.wait_for_timeout: Target page, context or browser has been closed
2026-05-07 10:04:37 [ERROR] [ERROR] Make sure Chrome is not already running, or close all Chrome windows first
2026-05-07 10:04:55 [INFO] ============================================================
2026-05-07 10:04:55 [INFO] TruePeopleSearch Data Extraction Script
2026-05-07 10:04:55 [INFO] Mode: PHASE 1 (single row testing)
2026-05-07 10:04:55 [INFO] CAPTCHA: Extension/Manual solve (automated solver DISABLED)
2026-05-07 10:04:55 [INFO] VPN/IP Rotation: DISABLED (temporarily)
2026-05-07 10:04:55 [INFO] ============================================================
2026-05-07 10:04:55 [INFO] [INIT] VPN/IP rotation is DISABLED — using current IP
2026-05-07 10:04:55 [INFO] [INPUT] Loaded 585 rows from C:\Users\DELL\Desktop\New folder (8)\web-crawler\input.csv
2026-05-07 10:04:55 [INFO] [INIT] Phase 1 mode: processing first row only
2026-05-07 10:04:55 [INFO] [CHROME] Closing any existing Chrome processes...
2026-05-07 10:04:59 [INFO] [CHROME] Existing Chrome processes terminated
2026-05-07 10:04:59 [INFO] [CHROME] Launching Chrome with profile: Profile 11
2026-05-07 10:04:59 [INFO] [CHROME] User data dir: C:\Users\DELL\AppData\Local\Google\Chrome\User Data
2026-05-07 10:04:59 [INFO] [CHROME] Launching via PowerShell...
2026-05-07 10:04:59 [INFO] [CHROME] Chrome launch command sent, waiting for CDP ready...
2026-05-07 10:05:00 [INFO] [CHROME] CDP port 9222 is ready
2026-05-07 10:05:03 [INFO] [INIT] Connecting to Chrome via CDP on port 9222...
2026-05-07 10:05:03 [INFO] [INIT] Connected to existing browser context (4 open tabs)
2026-05-07 10:05:03 [INFO] [INIT] Using existing tab
2026-05-07 10:05:03 [INFO] [INIT] ✅ Browser ready with personal profile + extensions
2026-05-07 10:05:03 [INFO] 
──────────────────────────────────────────────────
2026-05-07 10:05:03 [INFO] [ROW 1/1] 2604 Park Street, Commerce, TX
2026-05-07 10:05:03 [INFO] ──────────────────────────────────────────────────
2026-05-07 10:05:03 [INFO] [ROW 1] Attempt 1/3
2026-05-07 10:05:03 [INFO] [SEARCH] Looking up: 2604 Park Street, Commerce, TX
2026-05-07 10:05:12 [INFO] [SEARCH] Cloudflare challenge detected, waiting for solve...
2026-05-07 10:05:12 [INFO] ==================================================
2026-05-07 10:05:12 [INFO] [CAPTCHA] ⏳ CAPTCHA/Challenge detected!
2026-05-07 10:05:12 [INFO] [CAPTCHA] Waiting for your extension or manual solve...
2026-05-07 10:05:12 [INFO] [CAPTCHA] Timeout: 300s — solve it in the browser window
2026-05-07 10:05:12 [INFO] ==================================================
2026-05-07 10:05:50 [INFO] [CAPTCHA] ✅ Challenge resolved after 38.3s
2026-05-07 10:05:55 [ERROR] [SEARCH] Still on challenge page after solving
2026-05-07 10:05:55 [WARNING] [ROW 1] Challenge failed — VPN rotation is DISABLED
2026-05-07 10:05:55 [WARNING] [ROW 1] Please solve the CAPTCHA manually or restart
2026-05-07 10:06:00 [INFO] [ROW 1] Attempt 2/3
2026-05-07 10:06:00 [INFO] [SEARCH] Looking up: 2604 Park Street, Commerce, TX
2026-05-07 10:06:09 [INFO] [SEARCH] Cloudflare challenge detected, waiting for solve...
2026-05-07 10:06:09 [INFO] ==================================================
2026-05-07 10:06:09 [INFO] [CAPTCHA] ⏳ CAPTCHA/Challenge detected!
2026-05-07 10:06:09 [INFO] [CAPTCHA] Waiting for your extension or manual solve...
2026-05-07 10:06:09 [INFO] [CAPTCHA] Timeout: 300s — solve it in the browser window
2026-05-07 10:06:09 [INFO] ==================================================
2026-05-07 10:06:22 [INFO] [CAPTCHA] ✅ Challenge resolved after 12.6s
2026-05-07 10:06:42 [WARNING] [SEARCH] Could not click address tab (may already be active): Locator.click: Timeout 15000ms exceeded.
Call log:
  - waiting for locator("#searchAddress-tab, a:has-text(\"Address\"), button:has-text(\"Address\"), [data-tab=\"address\"], li:has-text(\"Address\") a").first
    - locator resolved to <button onclick="clickSearchTypeButton('address');" class="btn btn-success shadow-form home-icon">…</button>
  - attempting click action
    2 × waiting for element to be visible, enabled and stable
      - element is not visible
    - retrying click action
    - waiting 20ms
    2 × waiting for element to be visible, enabled and stable
      - element is not visible
    - retrying click action
      - waiting 100ms
    25 × waiting for element to be visible, enabled and stable
       - element is not visible
     - retrying click action
       - waiting 500ms

2026-05-07 10:06:42 [INFO] [SEARCH] Filled street: 2604 Park Street
2026-05-07 10:06:42 [INFO] [SEARCH] Filled city/state: Commerce, TX
2026-05-07 10:06:43 [INFO] [SEARCH] Submitted search
2026-05-07 10:06:47 [INFO] [SEARCH] No result links found, trying extraction on current page
2026-05-07 10:06:47 [WARNING] [EXTRACT] No JSON-LD blocks found
2026-05-07 10:06:47 [INFO] [EXTRACT] JSON-LD failed, trying HTML fallback
2026-05-07 10:06:47 [WARNING] [ROW 1] Attempt 2 failed, retrying...
2026-05-07 10:06:49 [INFO] [ROW 1] Attempt 3/3
2026-05-07 10:06:49 [INFO] [SEARCH] Looking up: 2604 Park Street, Commerce, TX
2026-05-07 10:06:50 [ERROR] [SEARCH] Failed to load homepage: Page.goto: net::ERR_ABORTED at https://www.truepeoplesearch.com/
Call log:
  - navigating to "https://www.truepeoplesearch.com/", waiting until "domcontentloaded"

2026-05-07 10:06:51 [WARNING] [ROW 1] Attempt 3 failed, retrying...
2026-05-07 10:06:53 [ERROR] [ROW 1] ❌ FAILED after 3 attempts — skipping
2026-05-07 10:06:53 [INFO] [CLEANUP] Disconnecting from Chrome (browser stays open)
2026-05-07 10:06:53 [WARNING] [OUTPUT] No successful extractions to save
2026-05-07 10:06:53 [INFO] 
============================================================
2026-05-07 10:06:53 [INFO] SCRAPING COMPLETE
2026-05-07 10:06:53 [INFO]   Total processed:  1
2026-05-07 10:06:53 [INFO]   Successful:       0
2026-05-07 10:06:53 [INFO]   Failed:           1
2026-05-07 10:06:53 [INFO] ============================================================
2026-05-07 10:09:32 [INFO] ============================================================
2026-05-07 10:09:32 [INFO] TruePeopleSearch Data Extraction Script
2026-05-07 10:09:32 [INFO] Mode: PHASE 1 (single row testing)
2026-05-07 10:09:32 [INFO] CAPTCHA: Extension/Manual solve (automated solver DISABLED)
2026-05-07 10:09:32 [INFO] VPN/IP Rotation: DISABLED (temporarily)
2026-05-07 10:09:32 [INFO] ============================================================
2026-05-07 10:09:32 [INFO] [INIT] VPN/IP rotation is DISABLED — using current IP
2026-05-07 10:09:32 [INFO] [INPUT] Loaded 585 rows from C:\Users\DELL\Desktop\New folder (8)\web-crawler\input.csv
2026-05-07 10:09:32 [INFO] [INIT] Phase 1 mode: processing first row only
2026-05-07 10:09:32 [INFO] [CHROME] Closing any existing Chrome processes...
2026-05-07 10:09:38 [INFO] [CHROME] Existing Chrome processes terminated
2026-05-07 10:09:38 [INFO] [CHROME] Launching Chrome with profile: Profile 11
2026-05-07 10:09:38 [INFO] [CHROME] User data dir: C:\Users\DELL\AppData\Local\Google\Chrome\User Data
2026-05-07 10:09:38 [INFO] [CHROME] Launching via PowerShell...
2026-05-07 10:09:38 [INFO] [CHROME] Chrome launch command sent, waiting for CDP ready...
2026-05-07 10:09:39 [INFO] [CHROME] CDP port 9222 is ready
2026-05-07 10:09:41 [INFO] [INIT] Connecting to Chrome via CDP on port 9222...
2026-05-07 10:09:42 [INFO] [INIT] Connected to existing browser context (4 open tabs)
2026-05-07 10:09:42 [INFO] [INIT] Using existing tab
2026-05-07 10:09:42 [INFO] [INIT] ✅ Browser ready with personal profile + extensions
2026-05-07 10:09:42 [INFO] 
──────────────────────────────────────────────────
2026-05-07 10:09:42 [INFO] [ROW 1/1] 2604 Park Street, Commerce, TX
2026-05-07 10:09:42 [INFO] ──────────────────────────────────────────────────
2026-05-07 10:09:42 [INFO] [ROW 1] Attempt 1/3
2026-05-07 10:09:42 [INFO] [SEARCH] Looking up: 2604 Park Street, Commerce, TX
2026-05-07 10:10:06 [WARNING] [SEARCH] Could not click address tab (may already be active): Locator.click: Timeout 15000ms exceeded.
Call log:
  - waiting for locator("#searchAddress-tab, a:has-text(\"Address\"), button:has-text(\"Address\"), [data-tab=\"address\"], li:has-text(\"Address\") a").first
    - locator resolved to <button onclick="clickSearchTypeButton('address');" class="btn btn-success shadow-form home-icon">…</button>
  - attempting click action
    - waiting for element to be visible, enabled and stable
    - element is visible, enabled and stable
    - scrolling into view if needed
    - done scrolling
    - <html lang="en">…</html> intercepts pointer events
  - retrying click action
    - waiting for element to be visible, enabled and stable
    - element is visible, enabled and stable
    - scrolling into view if needed
    - done scrolling
    - element is outside of the viewport
  - retrying click action
    - waiting 20ms
    2 × waiting for element to be visible, enabled and stable
      - element is visible, enabled and stable
      - scrolling into view if needed
      - done scrolling
      - element is outside of the viewport
    - retrying click action
      - waiting 100ms
    28 × waiting for element to be visible, enabled and stable
       - element is visible, enabled and stable
       - scrolling into view if needed
       - done scrolling
       - element is outside of the viewport
     - retrying click action
       - waiting 500ms

2026-05-07 10:10:36 [ERROR] [SEARCH] Could not fill form fields: Locator.fill: Timeout 30000ms exceeded.
Call log:
  - waiting for locator("#StreetAddress, input[name=\"StreetAddress\"], input[placeholder*=\"Street\" i], input[placeholder*=\"Address\" i]").first
    - locator resolved to <input value="" id="id-d-n" name="Name" type="text" maxlength="50" data-val="true" aria-label="Name" autocorrect="off" autocomplete="off" spellcheck="False" autocapitalize="off" data-val-maxlength-max="50" placeholder="Enter name, phone or address" data-val-maxlength="Maximum length allowed is 50 characters." class="input-n form-control typeahead-name form-control-lg border-right-0 rounded-right-0 input-d-half"/>
    - fill("")
  - attempting fill action
    2 × waiting for element to be visible, enabled and editable
      - element is not visible
    - retrying fill action
    - waiting 20ms
    2 × waiting for element to be visible, enabled and editable
      - element is not visible
    - retrying fill action
      - waiting 100ms
    58 × waiting for element to be visible, enabled and editable
       - element is not visible
     - retrying fill action
       - waiting 500ms

2026-05-07 10:10:36 [WARNING] [ROW 1] Attempt 1 failed, retrying...
2026-05-07 10:10:38 [INFO] [ROW 1] Attempt 2/3
2026-05-07 10:10:38 [INFO] [SEARCH] Looking up: 2604 Park Street, Commerce, TX
2026-05-07 10:11:01 [WARNING] [SEARCH] Could not click address tab (may already be active): Locator.click: Timeout 15000ms exceeded.
Call log:
  - waiting for locator("#searchAddress-tab, a:has-text(\"Address\"), button:has-text(\"Address\"), [data-tab=\"address\"], li:has-text(\"Address\") a").first
    - locator resolved to <button onclick="clickSearchTypeButton('address');" class="btn btn-success shadow-form home-icon">…</button>
  - attempting click action
    - waiting for element to be visible, enabled and stable
    - element is visible, enabled and stable
    - scrolling into view if needed
    - done scrolling
    - <html lang="en">…</html> intercepts pointer events
  - retrying click action
    - waiting for element to be visible, enabled and stable
    - element is visible, enabled and stable
    - scrolling into view if needed
    - done scrolling
    - element is outside of the viewport
  - retrying click action
    - waiting 20ms
    2 × waiting for element to be visible, enabled and stable
      - element is visible, enabled and stable
      - scrolling into view if needed
      - done scrolling
      - element is outside of the viewport
    - retrying click action
      - waiting 100ms
    28 × waiting for element to be visible, enabled and stable
       - element is visible, enabled and stable
       - scrolling into view if needed
       - done scrolling
       - element is outside of the viewport
     - retrying click action
       - waiting 500ms

2026-05-07 10:11:32 [ERROR] [SEARCH] Could not fill form fields: Locator.fill: Timeout 30000ms exceeded.
Call log:
  - waiting for locator("#StreetAddress, input[name=\"StreetAddress\"], input[placeholder*=\"Street\" i], input[placeholder*=\"Address\" i]").first
    - locator resolved to <input value="" id="id-d-n" name="Name" type="text" maxlength="50" data-val="true" aria-label="Name" autocorrect="off" autocomplete="off" spellcheck="False" autocapitalize="off" data-val-maxlength-max="50" placeholder="Enter name, phone or address" data-val-maxlength="Maximum length allowed is 50 characters." class="input-n form-control typeahead-name form-control-lg border-right-0 rounded-right-0 input-d-half"/>
    - fill("")
  - attempting fill action
    2 × waiting for element to be visible, enabled and editable
      - element is not visible
    - retrying fill action
    - waiting 20ms
    2 × waiting for element to be visible, enabled and editable
      - element is not visible
    - retrying fill action
      - waiting 100ms
    57 × waiting for element to be visible, enabled and editable
       - element is not visible
     - retrying fill action
       - waiting 500ms

2026-05-07 10:11:32 [WARNING] [ROW 1] Attempt 2 failed, retrying...
2026-05-07 10:11:34 [INFO] [ROW 1] Attempt 3/3
2026-05-07 10:11:34 [INFO] [SEARCH] Looking up: 2604 Park Street, Commerce, TX
2026-05-07 10:11:47 [WARNING] [SEARCH] Could not click address tab (may already be active): Locator.click: Target page, context or browser has been closed
Call log:
  - waiting for locator("#searchAddress-tab, a:has-text(\"Address\"), button:has-text(\"Address\"), [data-tab=\"address\"], li:has-text(\"Address\") a").first
    - locator resolved to <button onclick="clickSearchTypeButton('address');" class="btn btn-success shadow-form home-icon">…</button>
  - attempting click action
    - waiting for element to be visible, enabled and stable
    - element is visible, enabled and stable
    - scrolling into view if needed
    - done scrolling
    - <html lang="en">…</html> intercepts pointer events
  - retrying click action
    - waiting for element to be visible, enabled and stable
    - element is visible, enabled and stable
    - scrolling into view if needed
    - done scrolling
    - element is outside of the viewport
  - retrying click action
    - waiting 20ms
    2 × waiting for element to be visible, enabled and stable
      - element is visible, enabled and stable
      - scrolling into view if needed
      - done scrolling
      - element is outside of the viewport
    - retrying click action
      - waiting 100ms
    9 × waiting for element to be visible, enabled and stable
      - element is visible, enabled and stable
      - scrolling into view if needed
      - done scrolling
      - element is outside of the viewport
    - retrying click action
      - waiting 500ms

2026-05-07 10:11:47 [ERROR] [SEARCH] Could not fill form fields: Locator.fill: Target page, context or browser has been closed
2026-05-07 10:11:47 [WARNING] [ROW 1] Attempt 3 failed, retrying...
2026-05-07 10:11:47 [ERROR] [ERROR] Fatal error: Page.wait_for_timeout: Target page, context or browser has been closed
2026-05-07 10:11:47 [ERROR] [ERROR] Make sure Chrome is not already running, or close all Chrome windows first
2026-05-07 10:12:02 [INFO] ============================================================
2026-05-07 10:12:02 [INFO] TruePeopleSearch Data Extraction Script
2026-05-07 10:12:02 [INFO] Mode: PHASE 1 (single row testing)
2026-05-07 10:12:02 [INFO] CAPTCHA: Extension/Manual solve (automated solver DISABLED)
2026-05-07 10:12:02 [INFO] VPN/IP Rotation: DISABLED (temporarily)
2026-05-07 10:12:02 [INFO] ============================================================
2026-05-07 10:12:02 [INFO] [INIT] VPN/IP rotation is DISABLED — using current IP
2026-05-07 10:12:02 [INFO] [INPUT] Loaded 585 rows from C:\Users\DELL\Desktop\New folder (8)\web-crawler\input.csv
2026-05-07 10:12:02 [INFO] [INIT] Phase 1 mode: processing first row only
2026-05-07 10:12:02 [INFO] [CHROME] Closing any existing Chrome processes...
2026-05-07 10:12:05 [INFO] [CHROME] Existing Chrome processes terminated
2026-05-07 10:12:05 [INFO] [CHROME] Launching Chrome with profile: Profile 11
2026-05-07 10:12:05 [INFO] [CHROME] User data dir: C:\Users\DELL\AppData\Local\Google\Chrome\User Data
2026-05-07 10:12:05 [INFO] [CHROME] Launching via PowerShell...
2026-05-07 10:12:05 [INFO] [CHROME] Chrome launch command sent, waiting for CDP ready...
2026-05-07 10:12:06 [INFO] [CHROME] CDP port 9222 is ready
2026-05-07 10:12:08 [INFO] [INIT] Connecting to Chrome via CDP on port 9222...
2026-05-07 10:12:08 [INFO] [INIT] Connected to existing browser context (4 open tabs)
2026-05-07 10:12:08 [INFO] [INIT] Using existing tab
2026-05-07 10:12:08 [INFO] [INIT] ✅ Browser ready with personal profile + extensions
2026-05-07 10:12:08 [INFO] 
──────────────────────────────────────────────────
2026-05-07 10:12:08 [INFO] [ROW 1/1] 2604 Park Street, Commerce, TX
2026-05-07 10:12:08 [INFO] ──────────────────────────────────────────────────
2026-05-07 10:12:08 [INFO] [ROW 1] Attempt 1/3
2026-05-07 10:12:09 [INFO] [SEARCH] Looking up: 2604 Park Street, Commerce, TX
2026-05-07 10:12:32 [WARNING] [SEARCH] Could not click address tab (may already be active): Locator.click: Timeout 15000ms exceeded.
Call log:
  - waiting for locator("#searchAddress-tab, a:has-text(\"Address\"), button:has-text(\"Address\"), [data-tab=\"address\"], li:has-text(\"Address\") a").first
    - locator resolved to <button onclick="clickSearchTypeButton('address');" class="btn btn-success shadow-form home-icon">…</button>
  - attempting click action
    2 × waiting for element to be visible, enabled and stable
      - element is not visible
    - retrying click action
    - waiting 20ms
    2 × waiting for element to be visible, enabled and stable
      - element is not visible
    - retrying click action
      - waiting 100ms
    6 × waiting for element to be visible, enabled and stable
      - element is not visible
    - retrying click action
      - waiting 500ms
    - waiting for element to be visible, enabled and stable

2026-05-07 10:12:32 [INFO] [SEARCH] Filled street: 2604 Park Street
2026-05-07 10:12:33 [INFO] [SEARCH] Filled city/state: Commerce, TX
2026-05-07 10:12:36 [INFO] [SEARCH] Submitted search
2026-05-07 10:12:39 [INFO] [SEARCH] No result links found, trying extraction on current page
2026-05-07 10:12:39 [WARNING] [EXTRACT] No JSON-LD blocks found
2026-05-07 10:12:39 [INFO] [EXTRACT] JSON-LD failed, trying HTML fallback
2026-05-07 10:12:39 [INFO] [EXTRACT] HTML extraction: 
2026-05-07 10:12:39 [INFO] [ROW 1] ✅ SUCCESS — 
2026-05-07 10:12:39 [INFO] [CLEANUP] Disconnecting from Chrome (browser stays open)
2026-05-07 10:12:39 [INFO] [OUTPUT] Saved 1 record(s) to C:\Users\DELL\Desktop\New folder (8)\web-crawler\results.csv
2026-05-07 10:12:39 [INFO] 
============================================================
2026-05-07 10:12:39 [INFO] SCRAPING COMPLETE
2026-05-07 10:12:39 [INFO]   Total processed:  1
2026-05-07 10:12:39 [INFO]   Successful:       1
2026-05-07 10:12:39 [INFO]   Failed:           0
2026-05-07 10:12:39 [INFO]   Output saved to:  C:\Users\DELL\Desktop\New folder (8)\web-crawler\results.csv
2026-05-07 10:12:39 [INFO] ============================================================
2026-05-07 10:13:06 [INFO] ============================================================
2026-05-07 10:13:06 [INFO] TruePeopleSearch Data Extraction Script
2026-05-07 10:13:06 [INFO] Mode: PHASE 1 (single row testing)
2026-05-07 10:13:06 [INFO] CAPTCHA: Extension/Manual solve (automated solver DISABLED)
2026-05-07 10:13:06 [INFO] VPN/IP Rotation: DISABLED (temporarily)
2026-05-07 10:13:06 [INFO] ============================================================
2026-05-07 10:13:06 [INFO] [INIT] VPN/IP rotation is DISABLED — using current IP
2026-05-07 10:13:06 [INFO] [INPUT] Loaded 585 rows from C:\Users\DELL\Desktop\New folder (8)\web-crawler\input.csv
2026-05-07 10:13:06 [INFO] [INIT] Phase 1 mode: processing first row only
2026-05-07 10:13:06 [INFO] [CHROME] Closing any existing Chrome processes...
2026-05-07 10:13:11 [INFO] [CHROME] Existing Chrome processes terminated
2026-05-07 10:13:11 [INFO] [CHROME] Launching Chrome with profile: Profile 11
2026-05-07 10:13:11 [INFO] [CHROME] User data dir: C:\Users\DELL\AppData\Local\Google\Chrome\User Data
2026-05-07 10:13:11 [INFO] [CHROME] Launching via PowerShell...
2026-05-07 10:13:11 [INFO] [CHROME] Chrome launch command sent, waiting for CDP ready...
2026-05-07 10:13:12 [INFO] [CHROME] CDP port 9222 is ready
2026-05-07 10:13:13 [INFO] [INIT] Connecting to Chrome via CDP on port 9222...
2026-05-07 10:13:14 [INFO] [INIT] Connected to existing browser context (4 open tabs)
2026-05-07 10:13:14 [INFO] [INIT] Using existing tab
2026-05-07 10:13:14 [INFO] [INIT] ✅ Browser ready with personal profile + extensions
2026-05-07 10:13:14 [INFO] 
──────────────────────────────────────────────────
2026-05-07 10:13:14 [INFO] [ROW 1/1] 2604 Park Street, Commerce, TX
2026-05-07 10:13:14 [INFO] ──────────────────────────────────────────────────
2026-05-07 10:13:14 [INFO] [ROW 1] Attempt 1/3
2026-05-07 10:13:14 [INFO] [SEARCH] Looking up: 2604 Park Street, Commerce, TX
2026-05-07 10:14:04 [INFO] ============================================================
2026-05-07 10:14:04 [INFO] TruePeopleSearch Data Extraction Script
2026-05-07 10:14:04 [INFO] Mode: PHASE 1 (single row testing)
2026-05-07 10:14:04 [INFO] CAPTCHA: Extension/Manual solve (automated solver DISABLED)
2026-05-07 10:14:04 [INFO] VPN/IP Rotation: DISABLED (temporarily)
2026-05-07 10:14:04 [INFO] ============================================================
2026-05-07 10:14:04 [INFO] [INIT] VPN/IP rotation is DISABLED — using current IP
2026-05-07 10:14:04 [INFO] [INPUT] Loaded 585 rows from C:\Users\DELL\Desktop\New folder (8)\web-crawler\input.csv
2026-05-07 10:14:04 [INFO] [INIT] Phase 1 mode: processing first row only
2026-05-07 10:14:04 [INFO] [CHROME] Closing any existing Chrome processes...
2026-05-07 10:14:08 [INFO] [CHROME] Existing Chrome processes terminated
2026-05-07 10:14:08 [INFO] [CHROME] Launching Chrome with profile: Profile 11
2026-05-07 10:14:08 [INFO] [CHROME] User data dir: C:\Users\DELL\AppData\Local\Google\Chrome\User Data
2026-05-07 10:14:08 [INFO] [CHROME] Launching via PowerShell...
2026-05-07 10:14:08 [INFO] [CHROME] Chrome launch command sent, waiting for CDP ready...
2026-05-07 10:14:09 [INFO] [CHROME] CDP port 9222 is ready
2026-05-07 10:14:10 [INFO] [INIT] Connecting to Chrome via CDP on port 9222...
2026-05-07 10:14:11 [INFO] [INIT] Connected to existing browser context (4 open tabs)
2026-05-07 10:14:11 [INFO] [INIT] Using existing tab
2026-05-07 10:14:11 [INFO] [INIT] ✅ Browser ready with personal profile + extensions
2026-05-07 10:14:11 [INFO] 
──────────────────────────────────────────────────
2026-05-07 10:14:11 [INFO] [ROW 1/1] 2604 Park Street, Commerce, TX
2026-05-07 10:14:11 [INFO] ──────────────────────────────────────────────────
2026-05-07 10:14:11 [INFO] [ROW 1] Attempt 1/3
2026-05-07 10:14:11 [INFO] [SEARCH] Looking up: 2604 Park Street, Commerce, TX
2026-05-07 10:14:35 [WARNING] [SEARCH] Could not click address tab (may already be active): Locator.click: Timeout 15000ms exceeded.
Call log:
  - waiting for locator("#searchAddress-tab, a:has-text(\"Address\"), button:has-text(\"Address\"), [data-tab=\"address\"], li:has-text(\"Address\") a").first
    - locator resolved to <button onclick="clickSearchTypeButton('address');" class="btn btn-success shadow-form home-icon">…</button>
  - attempting click action
    - waiting for element to be visible, enabled and stable
    - element is visible, enabled and stable
    - scrolling into view if needed
    - done scrolling
    - <html lang="en">…</html> intercepts pointer events
  - retrying click action
    - waiting for element to be visible, enabled and stable
    - element is visible, enabled and stable
    - scrolling into view if needed
    - done scrolling
    - element is outside of the viewport
  - retrying click action
    - waiting 20ms
    2 × waiting for element to be visible, enabled and stable
      - element is visible, enabled and stable
      - scrolling into view if needed
      - done scrolling
      - element is outside of the viewport
    - retrying click action
      - waiting 100ms
    28 × waiting for element to be visible, enabled and stable
       - element is visible, enabled and stable
       - scrolling into view if needed
       - done scrolling
       - element is outside of the viewport
     - retrying click action
       - waiting 500ms

2026-05-07 10:15:02 [ERROR] [SEARCH] Could not fill form fields: Locator.fill: Target page, context or browser has been closed
Call log:
  - waiting for locator("#StreetAddress, input[name=\"StreetAddress\"], input[placeholder*=\"Street\" i], input[placeholder*=\"Address\" i]").first
    - locator resolved to <input value="" id="id-d-n" name="Name" type="text" maxlength="50" data-val="true" aria-label="Name" autocorrect="off" autocomplete="off" spellcheck="False" autocapitalize="off" data-val-maxlength-max="50" placeholder="Enter name, phone or address" data-val-maxlength="Maximum length allowed is 50 characters." class="input-n form-control typeahead-name form-control-lg border-right-0 rounded-right-0 input-d-half"/>
    - fill("")
  - attempting fill action
    2 × waiting for element to be visible, enabled and editable
      - element is not visible
    - retrying fill action
    - waiting 20ms
    2 × waiting for element to be visible, enabled and editable
      - element is not visible
    - retrying fill action
      - waiting 100ms
    52 × waiting for element to be visible, enabled and editable
       - element is not visible
     - retrying fill action
       - waiting 500ms

2026-05-07 10:15:02 [WARNING] [ROW 1] Attempt 1 failed, retrying...
2026-05-07 10:15:02 [ERROR] [ERROR] Fatal error: Page.wait_for_timeout: Target page, context or browser has been closed
2026-05-07 10:15:02 [ERROR] [ERROR] Make sure Chrome is not already running, or close all Chrome windows first
2026-05-07 10:15:08 [INFO] ============================================================
2026-05-07 10:15:08 [INFO] TruePeopleSearch Data Extraction Script
2026-05-07 10:15:08 [INFO] Mode: PHASE 1 (single row testing)
2026-05-07 10:15:08 [INFO] CAPTCHA: Extension/Manual solve (automated solver DISABLED)
2026-05-07 10:15:08 [INFO] VPN/IP Rotation: DISABLED (temporarily)
2026-05-07 10:15:08 [INFO] ============================================================
2026-05-07 10:15:08 [INFO] [INIT] VPN/IP rotation is DISABLED — using current IP
2026-05-07 10:15:08 [INFO] [INPUT] Loaded 585 rows from C:\Users\DELL\Desktop\New folder (8)\web-crawler\input.csv
2026-05-07 10:15:08 [INFO] [INIT] Phase 1 mode: processing first row only
2026-05-07 10:15:08 [INFO] [CHROME] Closing any existing Chrome processes...
2026-05-07 10:15:10 [INFO] [CHROME] Existing Chrome processes terminated
2026-05-07 10:15:10 [INFO] [CHROME] Launching Chrome with profile: Profile 11
2026-05-07 10:15:10 [INFO] [CHROME] User data dir: C:\Users\DELL\AppData\Local\Google\Chrome\User Data
2026-05-07 10:15:10 [INFO] [CHROME] Chrome launched (PID: 17328), waiting for CDP ready...
2026-05-07 10:15:25 [WARNING] [CHROME] ⚠️ CDP port 9222 not responding after 15s — will try connecting anyway
2026-05-07 10:15:26 [INFO] [INIT] Connecting to Chrome via CDP on port 9222...
2026-05-07 10:15:26 [ERROR] [ERROR] Fatal error: BrowserType.connect_over_cdp: connect ECONNREFUSED 127.0.0.1:9222
Call log:
  - <ws preparing> retrieving websocket url from http://127.0.0.1:9222

2026-05-07 10:15:26 [ERROR] [ERROR] Make sure Chrome is not already running, or close all Chrome windows first
2026-05-07 10:15:47 [INFO] ============================================================
2026-05-07 10:15:47 [INFO] TruePeopleSearch Data Extraction Script
2026-05-07 10:15:47 [INFO] Mode: PHASE 1 (single row testing)
2026-05-07 10:15:47 [INFO] CAPTCHA: Extension/Manual solve (automated solver DISABLED)
2026-05-07 10:15:47 [INFO] VPN/IP Rotation: DISABLED (temporarily)
2026-05-07 10:15:47 [INFO] ============================================================
2026-05-07 10:15:47 [INFO] [INIT] VPN/IP rotation is DISABLED — using current IP
2026-05-07 10:15:47 [INFO] [INPUT] Loaded 585 rows from C:\Users\DELL\Desktop\New folder (8)\web-crawler\input.csv
2026-05-07 10:15:47 [INFO] [INIT] Phase 1 mode: processing first row only
2026-05-07 10:15:47 [INFO] [CHROME] Closing any existing Chrome processes...
2026-05-07 10:15:51 [INFO] [CHROME] Existing Chrome processes terminated
2026-05-07 10:15:51 [INFO] [CHROME] Launching Chrome with profile: Profile 11
2026-05-07 10:15:51 [INFO] [CHROME] User data dir: C:\Users\DELL\AppData\Local\Google\Chrome\User Data
2026-05-07 10:15:51 [INFO] [CHROME] Launching via PowerShell...
2026-05-07 10:15:52 [INFO] [CHROME] Chrome launch command sent, waiting for CDP ready...
2026-05-07 10:15:52 [INFO] [CHROME] CDP port 9222 is ready
2026-05-07 10:15:54 [INFO] [INIT] Connecting to Chrome via CDP on port 9222...
2026-05-07 10:15:55 [INFO] [INIT] Connected to existing browser context (4 open tabs)
2026-05-07 10:15:55 [INFO] [INIT] Using existing tab
2026-05-07 10:15:55 [INFO] [INIT] ✅ Browser ready with personal profile + extensions
2026-05-07 10:15:55 [INFO] 
──────────────────────────────────────────────────
2026-05-07 10:15:55 [INFO] [ROW 1/1] 2604 Park Street, Commerce, TX
2026-05-07 10:15:55 [INFO] ──────────────────────────────────────────────────
2026-05-07 10:15:55 [INFO] [ROW 1] Attempt 1/3
2026-05-07 10:15:55 [INFO] [SEARCH] Looking up: 2604 Park Street, Commerce, TX
2026-05-07 10:16:18 [WARNING] [SEARCH] Could not click address tab (may already be active): Locator.click: Timeout 15000ms exceeded.
Call log:
  - waiting for locator("#searchAddress-tab, a:has-text(\"Address\"), button:has-text(\"Address\"), [data-tab=\"address\"], li:has-text(\"Address\") a").first
    - locator resolved to <button onclick="clickSearchTypeButton('address');" class="btn btn-success shadow-form home-icon">…</button>
  - attempting click action
    2 × waiting for element to be visible, enabled and stable
      - element is not visible
    - retrying click action
    - waiting 20ms
    2 × waiting for element to be visible, enabled and stable
      - element is not visible
    - retrying click action
      - waiting 100ms
    28 × waiting for element to be visible, enabled and stable
       - element is not visible
     - retrying click action
       - waiting 500ms

2026-05-07 10:16:18 [INFO] [SEARCH] Filled street: 2604 Park Street
2026-05-07 10:16:18 [INFO] [SEARCH] Filled city/state: Commerce, TX
2026-05-07 10:16:20 [INFO] [SEARCH] Submitted search
2026-05-07 10:16:23 [INFO] [SEARCH] No result links found, trying extraction on current page
2026-05-07 10:16:23 [WARNING] [EXTRACT] No JSON-LD blocks found
2026-05-07 10:16:23 [INFO] [EXTRACT] JSON-LD failed, trying HTML fallback
2026-05-07 10:16:23 [INFO] [EXTRACT] HTML extraction: 
2026-05-07 10:16:23 [INFO] [ROW 1] ✅ SUCCESS — 
2026-05-07 10:16:23 [INFO] [CLEANUP] Disconnecting from Chrome (browser stays open)
2026-05-07 10:16:23 [INFO] [OUTPUT] Saved 1 record(s) to C:\Users\DELL\Desktop\New folder (8)\web-crawler\results.csv
2026-05-07 10:16:23 [INFO] 
============================================================
2026-05-07 10:16:23 [INFO] SCRAPING COMPLETE
2026-05-07 10:16:23 [INFO]   Total processed:  1
2026-05-07 10:16:23 [INFO]   Successful:       1
2026-05-07 10:16:23 [INFO]   Failed:           0
2026-05-07 10:16:23 [INFO]   Output saved to:  C:\Users\DELL\Desktop\New folder (8)\web-crawler\results.csv
2026-05-07 10:16:23 [INFO] ============================================================
2026-05-07 10:17:50 [INFO] ============================================================
2026-05-07 10:17:50 [INFO] TruePeopleSearch Data Extraction Script
2026-05-07 10:17:50 [INFO] Mode: PHASE 1 (single row testing)
2026-05-07 10:17:50 [INFO] CAPTCHA: Extension/Manual solve (automated solver DISABLED)
2026-05-07 10:17:50 [INFO] VPN/IP Rotation: DISABLED (temporarily)
2026-05-07 10:17:50 [INFO] ============================================================
2026-05-07 10:17:50 [INFO] [INIT] VPN/IP rotation is DISABLED — using current IP
2026-05-07 10:17:50 [INFO] [INPUT] Loaded 585 rows from C:\Users\DELL\Desktop\New folder (8)\web-crawler\input.csv
2026-05-07 10:17:50 [INFO] [INIT] Phase 1 mode: processing first row only
2026-05-07 10:17:50 [INFO] [CHROME] Closing any existing Chrome processes...
2026-05-07 10:17:54 [INFO] [CHROME] Existing Chrome processes terminated
2026-05-07 10:17:54 [INFO] [CHROME] Launching Chrome with profile: Profile 11
2026-05-07 10:17:54 [INFO] [CHROME] User data dir: C:\Users\DELL\AppData\Local\Google\Chrome\User Data
2026-05-07 10:17:54 [INFO] [CHROME] Launching via PowerShell...
2026-05-07 10:17:54 [INFO] [CHROME] Chrome launch command sent, waiting for CDP ready...
2026-05-07 10:17:55 [INFO] [CHROME] CDP port 9222 is ready
2026-05-07 10:17:56 [INFO] [INIT] Connecting to Chrome via CDP on port 9222...
2026-05-07 10:17:57 [INFO] [INIT] Connected to existing browser context (4 open tabs)
2026-05-07 10:17:57 [INFO] [INIT] Using existing tab
2026-05-07 10:17:57 [INFO] [INIT] ✅ Browser ready with personal profile + extensions
2026-05-07 10:17:57 [INFO] 
──────────────────────────────────────────────────
2026-05-07 10:17:57 [INFO] [ROW 1/1] 2604 Park Street, Commerce, TX
2026-05-07 10:17:57 [INFO] ──────────────────────────────────────────────────
2026-05-07 10:17:57 [INFO] [ROW 1] Attempt 1/3
2026-05-07 10:17:57 [INFO] [SEARCH] Looking up: 2604 Park Street, Commerce, TX
2026-05-07 10:18:21 [WARNING] [SEARCH] Could not click address tab (may already be active): Locator.click: Timeout 15000ms exceeded.
Call log:
  - waiting for locator("#searchAddress-tab, a:has-text(\"Address\"), button:has-text(\"Address\"), [data-tab=\"address\"], li:has-text(\"Address\") a").first
    - locator resolved to <button onclick="clickSearchTypeButton('address');" class="btn btn-success shadow-form home-icon">…</button>
  - attempting click action
    2 × waiting for element to be visible, enabled and stable
      - element is not visible
    - retrying click action
    - waiting 20ms
    2 × waiting for element to be visible, enabled and stable
      - element is not visible
    - retrying click action
      - waiting 100ms
    29 × waiting for element to be visible, enabled and stable
       - element is not visible
     - retrying click action
       - waiting 500ms

2026-05-07 10:18:21 [INFO] [SEARCH] Filled street: 2604 Park Street
2026-05-07 10:18:21 [INFO] [SEARCH] Filled city/state: Commerce, TX
2026-05-07 10:18:22 [INFO] [SEARCH] Submitted search
2026-05-07 10:18:25 [INFO] [SEARCH] Post-search Cloudflare challenge — waiting for solve...
2026-05-07 10:18:25 [INFO] ==================================================
2026-05-07 10:18:25 [INFO] [CAPTCHA] ⏳ CAPTCHA/Challenge detected!
2026-05-07 10:18:25 [INFO] [CAPTCHA] Waiting for your extension or manual solve...
2026-05-07 10:18:25 [INFO] [CAPTCHA] Timeout: 300s — solve it in the browser window
2026-05-07 10:18:25 [INFO] ==================================================
2026-05-07 10:18:38 [INFO] [CAPTCHA] ✅ Challenge resolved after 13.2s
2026-05-07 10:18:43 [INFO] [SEARCH] No result links found, trying extraction on current page
2026-05-07 10:18:43 [WARNING] [EXTRACT] No JSON-LD blocks found
2026-05-07 10:18:43 [INFO] [EXTRACT] JSON-LD failed, trying HTML fallback
2026-05-07 10:18:43 [INFO] [EXTRACT] HTML extraction: 
2026-05-07 10:18:43 [INFO] [ROW 1] ✅ SUCCESS — 
2026-05-07 10:18:43 [INFO] [CLEANUP] Disconnecting from Chrome (browser stays open)
2026-05-07 10:18:43 [INFO] [OUTPUT] Saved 1 record(s) to C:\Users\DELL\Desktop\New folder (8)\web-crawler\results.csv
2026-05-07 10:18:43 [INFO] 
============================================================
2026-05-07 10:18:43 [INFO] SCRAPING COMPLETE
2026-05-07 10:18:43 [INFO]   Total processed:  1
2026-05-07 10:18:43 [INFO]   Successful:       1
2026-05-07 10:18:43 [INFO]   Failed:           0
2026-05-07 10:18:43 [INFO]   Output saved to:  C:\Users\DELL\Desktop\New folder (8)\web-crawler\results.csv
2026-05-07 10:18:43 [INFO] ============================================================
2026-05-07 10:21:39 [INFO] ============================================================
2026-05-07 10:21:39 [INFO] TruePeopleSearch Data Extraction Script
2026-05-07 10:21:39 [INFO] Mode: PHASE 1 (single row testing)
2026-05-07 10:21:39 [INFO] CAPTCHA: Extension/Manual solve (automated solver DISABLED)
2026-05-07 10:21:39 [INFO] VPN/IP Rotation: DISABLED (temporarily)
2026-05-07 10:21:39 [INFO] ============================================================
2026-05-07 10:21:39 [INFO] [INIT] VPN/IP rotation is DISABLED — using current IP
2026-05-07 10:21:39 [INFO] [INPUT] Loaded 585 rows from C:\Users\DELL\Desktop\New folder (8)\web-crawler\input.csv
2026-05-07 10:21:39 [INFO] [INIT] Phase 1 mode: processing first row only
2026-05-07 10:21:39 [INFO] [CHROME] Closing any existing Chrome processes...
2026-05-07 10:21:43 [INFO] [CHROME] Existing Chrome processes terminated
2026-05-07 10:21:43 [INFO] [CHROME] Launching Chrome with profile: Profile 11
2026-05-07 10:21:43 [INFO] [CHROME] User data dir: C:\Users\DELL\AppData\Local\Google\Chrome\User Data
2026-05-07 10:21:43 [INFO] [CHROME] Launching via PowerShell...
2026-05-07 10:21:43 [INFO] [CHROME] Chrome launch command sent, waiting for CDP ready...
2026-05-07 10:21:44 [INFO] [CHROME] CDP port 9222 is ready
2026-05-07 10:21:45 [INFO] [INIT] Connecting to Chrome via CDP on port 9222...
2026-05-07 10:21:47 [INFO] [INIT] Connected to existing browser context (4 open tabs)
2026-05-07 10:21:47 [INFO] [INIT] Using existing tab
2026-05-07 10:21:47 [INFO] [INIT] ✅ Browser ready with personal profile + extensions
2026-05-07 10:21:47 [INFO] 
──────────────────────────────────────────────────
2026-05-07 10:21:47 [INFO] [ROW 1/1] 2612 Taylor Street, Commerce, TX
2026-05-07 10:21:47 [INFO] ──────────────────────────────────────────────────
2026-05-07 10:21:47 [INFO] [ROW 1] Attempt 1/3
2026-05-07 10:21:47 [INFO] [SEARCH] Looking up: 2612 Taylor Street, Commerce, TX
2026-05-07 10:22:10 [WARNING] [SEARCH] Could not click address tab (may already be active): Locator.click: Timeout 15000ms exceeded.
Call log:
  - waiting for locator("#searchAddress-tab, a:has-text(\"Address\"), button:has-text(\"Address\"), [data-tab=\"address\"], li:has-text(\"Address\") a").first
    - locator resolved to <button onclick="clickSearchTypeButton('address');" class="btn btn-success shadow-form home-icon">…</button>
  - attempting click action
    2 × waiting for element to be visible, enabled and stable
      - element is not visible
    - retrying click action
    - waiting 20ms
    2 × waiting for element to be visible, enabled and stable
      - element is not visible
    - retrying click action
      - waiting 100ms
    28 × waiting for element to be visible, enabled and stable
       - element is not visible
     - retrying click action
       - waiting 500ms

2026-05-07 10:22:10 [INFO] [SEARCH] Filled street: 2612 Taylor Street
2026-05-07 10:22:10 [INFO] [SEARCH] Filled city/state: Commerce, TX
2026-05-07 10:22:12 [INFO] [SEARCH] Submitted search
2026-05-07 10:22:15 [INFO] [SEARCH] No result links found, trying extraction on current page
2026-05-07 10:22:15 [WARNING] [EXTRACT] No JSON-LD blocks found
2026-05-07 10:22:15 [INFO] [EXTRACT] JSON-LD failed, trying HTML fallback
2026-05-07 10:22:15 [INFO] [EXTRACT] HTML extraction: 
2026-05-07 10:22:15 [INFO] [ROW 1] ✅ SUCCESS — 
2026-05-07 10:22:15 [INFO] [CLEANUP] Disconnecting from Chrome (browser stays open)
2026-05-07 10:22:15 [INFO] [OUTPUT] Saved 1 record(s) to C:\Users\DELL\Desktop\New folder (8)\web-crawler\results.csv
2026-05-07 10:22:15 [INFO] 
============================================================
2026-05-07 10:22:15 [INFO] SCRAPING COMPLETE
2026-05-07 10:22:15 [INFO]   Total processed:  1
2026-05-07 10:22:15 [INFO]   Successful:       1
2026-05-07 10:22:15 [INFO]   Failed:           0
2026-05-07 10:22:15 [INFO]   Output saved to:  C:\Users\DELL\Desktop\New folder (8)\web-crawler\results.csv
2026-05-07 10:22:15 [INFO] ============================================================
2026-05-07 10:26:05 [INFO] ============================================================
2026-05-07 10:26:05 [INFO] TruePeopleSearch Data Extraction Script
2026-05-07 10:26:05 [INFO] Mode: PHASE 1 (single row testing)
2026-05-07 10:26:05 [INFO] CAPTCHA: Extension/Manual solve (automated solver DISABLED)
2026-05-07 10:26:05 [INFO] VPN/IP Rotation: DISABLED (temporarily)
2026-05-07 10:26:05 [INFO] ============================================================
2026-05-07 10:26:05 [INFO] [INIT] VPN/IP rotation is DISABLED — using current IP
2026-05-07 10:26:05 [INFO] [INPUT] Loaded 585 rows from C:\Users\DELL\Desktop\New folder (8)\web-crawler\input.csv
2026-05-07 10:26:05 [INFO] [INIT] Phase 1 mode: processing first row only
2026-05-07 10:26:05 [INFO] [CHROME] Closing any existing Chrome processes...
2026-05-07 10:26:09 [INFO] [CHROME] Existing Chrome processes terminated
2026-05-07 10:26:09 [INFO] [CHROME] Launching Chrome with profile: Profile 11
2026-05-07 10:26:09 [INFO] [CHROME] User data dir: C:\Users\DELL\AppData\Local\Google\Chrome\User Data
2026-05-07 10:26:09 [INFO] [CHROME] Launching via PowerShell...
2026-05-07 10:26:10 [INFO] [CHROME] Chrome launch command sent, waiting for CDP ready...
2026-05-07 10:26:11 [INFO] [CHROME] CDP port 9222 is ready
2026-05-07 10:26:12 [INFO] [INIT] Connecting to Chrome via CDP on port 9222...
2026-05-07 10:26:13 [INFO] [INIT] Connected to existing browser context (4 open tabs)
2026-05-07 10:26:13 [INFO] [INIT] Using existing tab
2026-05-07 10:26:13 [INFO] [INIT] ✅ Browser ready with personal profile + extensions
2026-05-07 10:26:13 [INFO] 
──────────────────────────────────────────────────
2026-05-07 10:26:13 [INFO] [ROW 1/1] 2612 Taylor Street, Commerce, TX
2026-05-07 10:26:13 [INFO] ──────────────────────────────────────────────────
2026-05-07 10:26:13 [INFO] [ROW 1] Attempt 1/3
2026-05-07 10:26:13 [INFO] [SEARCH] Looking up: 2612 Taylor Street, Commerce, TX
2026-05-07 10:26:36 [WARNING] [SEARCH] Could not click address tab (may already be active): Locator.click: Timeout 15000ms exceeded.
Call log:
  - waiting for locator("#searchAddress-tab, a:has-text(\"Address\"), button:has-text(\"Address\"), [data-tab=\"address\"], li:has-text(\"Address\") a").first
    - locator resolved to <button onclick="clickSearchTypeButton('address');" class="btn btn-success shadow-form home-icon">…</button>
  - attempting click action
    2 × waiting for element to be visible, enabled and stable
      - element is not visible
    - retrying click action
    - waiting 20ms
    2 × waiting for element to be visible, enabled and stable
      - element is not visible
    - retrying click action
      - waiting 100ms
    28 × waiting for element to be visible, enabled and stable
       - element is not visible
     - retrying click action
       - waiting 500ms

2026-05-07 10:26:36 [INFO] [SEARCH] Filled street: 2612 Taylor Street
2026-05-07 10:26:36 [INFO] [SEARCH] Filled city/state: Commerce, TX
2026-05-07 10:26:37 [INFO] [SEARCH] Submitted search
2026-05-07 10:26:41 [INFO] [SEARCH] Post-search Cloudflare challenge — waiting for solve...
2026-05-07 10:26:41 [INFO] ==================================================
2026-05-07 10:26:41 [INFO] [CAPTCHA] ⏳ CAPTCHA/Challenge detected!
2026-05-07 10:26:41 [INFO] [CAPTCHA] Waiting for your extension or manual solve...
2026-05-07 10:26:41 [INFO] [CAPTCHA] Timeout: 300s — solve it in the browser window
2026-05-07 10:26:41 [INFO] ==================================================
2026-05-07 10:26:56 [INFO] [CAPTCHA] ✅ Challenge resolved after 15.5s
2026-05-07 10:27:01 [INFO] [SEARCH] No result links found, trying extraction on current page
2026-05-07 10:27:01 [WARNING] [EXTRACT] No JSON-LD blocks found
2026-05-07 10:27:01 [INFO] [EXTRACT] JSON-LD failed, trying HTML fallback
2026-05-07 10:27:01 [INFO] [EXTRACT] HTML extraction: 
2026-05-07 10:27:01 [INFO] [ROW 1] ✅ SUCCESS — 
2026-05-07 10:27:01 [INFO] [CLEANUP] Disconnecting from Chrome (browser stays open)
2026-05-07 10:27:01 [INFO] [OUTPUT] Saved 1 record(s) to C:\Users\DELL\Desktop\New folder (8)\web-crawler\results.csv
2026-05-07 10:27:01 [INFO] 
============================================================
2026-05-07 10:27:01 [INFO] SCRAPING COMPLETE
2026-05-07 10:27:01 [INFO]   Total processed:  1
2026-05-07 10:27:01 [INFO]   Successful:       1
2026-05-07 10:27:01 [INFO]   Failed:           0
2026-05-07 10:27:01 [INFO]   Output saved to:  C:\Users\DELL\Desktop\New folder (8)\web-crawler\results.csv
2026-05-07 10:27:01 [INFO] ============================================================
2026-05-07 11:01:08 [INFO] ============================================================
2026-05-07 11:01:08 [INFO] TruePeopleSearch Data Extraction Script
2026-05-07 11:01:08 [INFO] Mode: PHASE 1 (single row testing)
2026-05-07 11:01:08 [INFO] CAPTCHA: Extension/Manual solve (automated solver DISABLED)
2026-05-07 11:01:08 [INFO] VPN/IP Rotation: DISABLED (temporarily)
2026-05-07 11:01:08 [INFO] ============================================================
2026-05-07 11:01:08 [INFO] [INIT] VPN/IP rotation is DISABLED — using current IP
2026-05-07 11:01:08 [INFO] [INPUT] Loaded 585 rows from C:\Users\DELL\Desktop\New folder (8)\web-crawler\input.csv
2026-05-07 11:01:08 [INFO] [INIT] Phase 1 mode: processing first row only
2026-05-07 11:01:08 [INFO] [CHROME] Closing any existing Chrome processes...
2026-05-07 11:01:11 [INFO] [CHROME] Existing Chrome processes terminated
2026-05-07 11:01:11 [INFO] [CHROME] Launching Chrome with profile: Profile 11
2026-05-07 11:01:11 [INFO] [CHROME] User data dir: C:\Users\DELL\AppData\Local\Google\Chrome\User Data
2026-05-07 11:01:11 [INFO] [CHROME] Launching via PowerShell...
2026-05-07 11:01:12 [INFO] [CHROME] Chrome launch command sent, waiting for CDP ready...
2026-05-07 11:01:13 [INFO] [CHROME] CDP port 9222 is ready
2026-05-07 11:01:15 [INFO] [INIT] Connecting to Chrome via CDP on port 9222...
2026-05-07 11:01:16 [INFO] [INIT] Connected to existing browser context (4 open tabs)
2026-05-07 11:01:16 [INFO] [INIT] Using existing tab
2026-05-07 11:01:16 [INFO] [INIT] ✅ Browser ready with personal profile + extensions
2026-05-07 11:01:16 [INFO] 
──────────────────────────────────────────────────
2026-05-07 11:01:16 [INFO] [ROW 1/1]  | 2612 Taylor Street, Commerce, TX
2026-05-07 11:01:16 [INFO] ──────────────────────────────────────────────────
2026-05-07 11:01:16 [INFO] [ROW 1] Attempt 1/3
2026-05-07 11:01:16 [ERROR] [ERROR] Fatal error: search_property() takes 4 positional arguments but 5 were given
2026-05-07 11:01:16 [ERROR] [ERROR] Make sure Chrome is not already running, or close all Chrome windows first
2026-05-07 11:01:36 [INFO] ============================================================
2026-05-07 11:01:36 [INFO] TruePeopleSearch Data Extraction Script
2026-05-07 11:01:36 [INFO] Mode: PHASE 1 (single row testing)
2026-05-07 11:01:36 [INFO] CAPTCHA: Extension/Manual solve (automated solver DISABLED)
2026-05-07 11:01:36 [INFO] VPN/IP Rotation: DISABLED (temporarily)
2026-05-07 11:01:36 [INFO] ============================================================
2026-05-07 11:01:36 [INFO] [INIT] VPN/IP rotation is DISABLED — using current IP
2026-05-07 11:01:36 [INFO] [INPUT] Loaded 585 rows from C:\Users\DELL\Desktop\New folder (8)\web-crawler\input.csv
2026-05-07 11:01:36 [INFO] [INIT] Phase 1 mode: processing first row only
2026-05-07 11:01:36 [INFO] [CHROME] Closing any existing Chrome processes...
2026-05-07 11:01:41 [INFO] [CHROME] Existing Chrome processes terminated
2026-05-07 11:01:41 [INFO] [CHROME] Launching Chrome with profile: Profile 11
2026-05-07 11:01:41 [INFO] [CHROME] User data dir: C:\Users\DELL\AppData\Local\Google\Chrome\User Data
2026-05-07 11:01:41 [INFO] [CHROME] Launching via PowerShell...
2026-05-07 11:01:41 [INFO] [CHROME] Chrome launch command sent, waiting for CDP ready...
2026-05-07 11:01:42 [INFO] [CHROME] CDP port 9222 is ready
2026-05-07 11:01:43 [INFO] [INIT] Connecting to Chrome via CDP on port 9222...
2026-05-07 11:01:44 [INFO] [INIT] Connected to existing browser context (4 open tabs)
2026-05-07 11:01:44 [INFO] [INIT] Using existing tab
2026-05-07 11:01:44 [INFO] [INIT] ✅ Browser ready with personal profile + extensions
2026-05-07 11:01:44 [INFO] 
──────────────────────────────────────────────────
2026-05-07 11:01:44 [INFO] [ROW 1/1]  | 2612 Taylor Street, Commerce, TX
2026-05-07 11:01:44 [INFO] ──────────────────────────────────────────────────
2026-05-07 11:01:44 [INFO] [ROW 1] Attempt 1/3
2026-05-07 11:01:44 [ERROR] [ERROR] Fatal error: search_property() takes 4 positional arguments but 5 were given
2026-05-07 11:01:44 [ERROR] [ERROR] Make sure Chrome is not already running, or close all Chrome windows first
2026-05-07 11:02:01 [INFO] ============================================================
2026-05-07 11:02:01 [INFO] TruePeopleSearch Data Extraction Script
2026-05-07 11:02:01 [INFO] Mode: PHASE 1 (single row testing)
2026-05-07 11:02:01 [INFO] CAPTCHA: Extension/Manual solve (automated solver DISABLED)
2026-05-07 11:02:01 [INFO] VPN/IP Rotation: DISABLED (temporarily)
2026-05-07 11:02:01 [INFO] ============================================================
2026-05-07 11:02:01 [INFO] [INIT] VPN/IP rotation is DISABLED — using current IP
2026-05-07 11:02:01 [INFO] [INPUT] Loaded 585 rows from C:\Users\DELL\Desktop\New folder (8)\web-crawler\input.csv
2026-05-07 11:02:01 [INFO] [INIT] Phase 1 mode: processing first row only
2026-05-07 11:02:01 [INFO] [CHROME] Closing any existing Chrome processes...
2026-05-07 11:02:05 [INFO] [CHROME] Existing Chrome processes terminated
2026-05-07 11:02:05 [INFO] [CHROME] Launching Chrome with profile: Profile 11
2026-05-07 11:02:05 [INFO] [CHROME] User data dir: C:\Users\DELL\AppData\Local\Google\Chrome\User Data
2026-05-07 11:02:05 [INFO] [CHROME] Launching via PowerShell...
2026-05-07 11:02:06 [INFO] [CHROME] Chrome launch command sent, waiting for CDP ready...
2026-05-07 11:02:06 [INFO] [CHROME] CDP port 9222 is ready
2026-05-07 11:02:08 [INFO] [INIT] Connecting to Chrome via CDP on port 9222...
2026-05-07 11:02:09 [INFO] [INIT] Connected to existing browser context (4 open tabs)
2026-05-07 11:02:09 [INFO] [INIT] Using existing tab
2026-05-07 11:02:09 [INFO] [INIT] ✅ Browser ready with personal profile + extensions
2026-05-07 11:02:09 [INFO] 
──────────────────────────────────────────────────
2026-05-07 11:02:09 [INFO] [ROW 1/1]  | 2612 Taylor Street, Commerce, TX
2026-05-07 11:02:09 [INFO] ──────────────────────────────────────────────────
2026-05-07 11:02:09 [INFO] [ROW 1] Attempt 1/3
2026-05-07 11:02:09 [ERROR] [ERROR] Fatal error: search_property() takes 4 positional arguments but 5 were given
2026-05-07 11:02:09 [ERROR] [ERROR] Make sure Chrome is not already running, or close all Chrome windows first
2026-05-07 11:03:00 [INFO] ============================================================
2026-05-07 11:03:00 [INFO] TruePeopleSearch Data Extraction Script
2026-05-07 11:03:00 [INFO] Mode: PHASE 1 (single row testing)
2026-05-07 11:03:00 [INFO] CAPTCHA: Extension/Manual solve (automated solver DISABLED)
2026-05-07 11:03:00 [INFO] VPN/IP Rotation: DISABLED (temporarily)
2026-05-07 11:03:00 [INFO] ============================================================
2026-05-07 11:03:00 [INFO] [INIT] VPN/IP rotation is DISABLED — using current IP
2026-05-07 11:03:00 [INFO] [INPUT] Loaded 585 rows from C:\Users\DELL\Desktop\New folder (8)\web-crawler\input.csv
2026-05-07 11:03:00 [INFO] [INIT] Phase 1 mode: processing first row only
2026-05-07 11:03:00 [INFO] [CHROME] Closing any existing Chrome processes...
2026-05-07 11:03:03 [INFO] [CHROME] Existing Chrome processes terminated
2026-05-07 11:03:03 [INFO] [CHROME] Launching Chrome with profile: Profile 11
2026-05-07 11:03:03 [INFO] [CHROME] User data dir: C:\Users\DELL\AppData\Local\Google\Chrome\User Data
2026-05-07 11:03:03 [INFO] [CHROME] Launching via PowerShell...
2026-05-07 11:03:03 [INFO] [CHROME] Chrome launch command sent, waiting for CDP ready...
2026-05-07 11:03:04 [INFO] [CHROME] CDP port 9222 is ready
2026-05-07 11:03:07 [INFO] [INIT] Connecting to Chrome via CDP on port 9222...
2026-05-07 11:03:07 [INFO] [INIT] Connected to existing browser context (4 open tabs)
2026-05-07 11:03:07 [INFO] [INIT] Using existing tab
2026-05-07 11:03:07 [INFO] [INIT] ✅ Browser ready with personal profile + extensions
2026-05-07 11:03:07 [INFO] 
──────────────────────────────────────────────────
2026-05-07 11:03:07 [INFO] [ROW 1/1]  | 2612 Taylor Street, Commerce, TX
2026-05-07 11:03:07 [INFO] ──────────────────────────────────────────────────
2026-05-07 11:03:07 [INFO] [ROW 1] Attempt 1/3
2026-05-07 11:03:07 [INFO] [SEARCH] Looking up:  at 2612 Taylor Street, Commerce, TX
2026-05-07 11:03:18 [INFO] [SEARCH] Cloudflare challenge detected, waiting for solve...
2026-05-07 11:03:18 [INFO] ==================================================
2026-05-07 11:03:18 [INFO] [CAPTCHA] ⏳ CAPTCHA/Challenge detected!
2026-05-07 11:03:18 [INFO] [CAPTCHA] Waiting for your extension or manual solve...
2026-05-07 11:03:18 [INFO] [CAPTCHA] Timeout: 300s — solve it in the browser window
2026-05-07 11:03:18 [INFO] ==================================================
2026-05-07 11:07:40 [INFO] ============================================================
2026-05-07 11:07:40 [INFO] TruePeopleSearch Data Extraction Script
2026-05-07 11:07:40 [INFO] Mode: PHASE 1 (single row testing)
2026-05-07 11:07:40 [INFO] CAPTCHA: Extension/Manual solve (automated solver DISABLED)
2026-05-07 11:07:40 [INFO] VPN/IP Rotation: DISABLED (temporarily)
2026-05-07 11:07:40 [INFO] ============================================================
2026-05-07 11:07:40 [INFO] [INIT] VPN/IP rotation is DISABLED — using current IP
2026-05-07 11:07:40 [INFO] [INPUT] Loaded 585 rows from C:\Users\DELL\Desktop\New folder (8)\web-crawler\input.csv
2026-05-07 11:07:40 [INFO] [INIT] Phase 1 mode: processing first row only
2026-05-07 11:07:40 [INFO] [CHROME] Closing any existing Chrome processes...
2026-05-07 11:07:41 [INFO] [CAPTCHA] ✅ Challenge resolved after 263.1s
2026-05-07 11:07:41 [ERROR] [ERROR] Fatal error: Page.wait_for_timeout: Target page, context or browser has been closed
2026-05-07 11:07:41 [ERROR] [ERROR] Make sure Chrome is not already running, or close all Chrome windows first
2026-05-07 11:07:45 [INFO] [CHROME] Existing Chrome processes terminated
2026-05-07 11:07:45 [INFO] [CHROME] Launching Chrome with profile: Profile 11
2026-05-07 11:07:45 [INFO] [CHROME] User data dir: C:\Users\DELL\AppData\Local\Google\Chrome\User Data
2026-05-07 11:07:45 [INFO] [CHROME] Launching via PowerShell...
2026-05-07 11:07:45 [INFO] [CHROME] Chrome launch command sent, waiting for CDP ready...
2026-05-07 11:08:07 [ERROR] [CHROME] CDP port 9222 not responding after 20s
2026-05-07 11:12:08 [INFO] ============================================================
2026-05-07 11:12:08 [INFO] TruePeopleSearch Data Extraction Script
2026-05-07 11:12:08 [INFO] Mode: PHASE 1 (single row testing)
2026-05-07 11:12:08 [INFO] CAPTCHA: Extension/Manual solve (automated solver DISABLED)
2026-05-07 11:12:08 [INFO] VPN/IP Rotation: DISABLED (temporarily)
2026-05-07 11:12:08 [INFO] ============================================================
2026-05-07 11:12:08 [INFO] [INIT] VPN/IP rotation is DISABLED — using current IP
2026-05-07 11:12:08 [INFO] [INPUT] Loaded 585 rows from C:\Users\DELL\Desktop\New folder (8)\web-crawler\input.csv
2026-05-07 11:12:08 [INFO] [INIT] Phase 1 mode: processing first row only
2026-05-07 11:12:08 [INFO] [CHROME] Closing any existing Chrome processes...
2026-05-07 11:12:12 [INFO] [CHROME] Existing Chrome processes terminated
2026-05-07 11:12:12 [INFO] [CHROME] Launching Chrome with profile: Profile 11
2026-05-07 11:12:12 [INFO] [CHROME] User data dir: C:\Users\DELL\AppData\Local\Google\Chrome\User Data
2026-05-07 11:12:12 [INFO] [CHROME] PS Command: Start-Process -FilePath "C:\Program Files\Google\Chrome\Application\chrome.exe" -ArgumentList '--remote-debugging-port=9222', '--user-data-dir=C:\Users\DELL\AppData\Local\Google\Chrome\User Data', '--profile-directory=Profile 11', '--no-first-run', '--no-default-browser-check', '--start-maximized'
2026-05-07 11:12:12 [INFO] [CHROME] Launching via PowerShell...
2026-05-07 11:12:12 [INFO] [CHROME] Chrome launch command sent, waiting for CDP ready...
2026-05-07 11:12:12 [INFO] [CHROME] CDP port 9222 is ready
2026-05-07 11:12:14 [INFO] [INIT] Connecting to Chrome via CDP on port 9222...
2026-05-07 11:12:15 [INFO] [INIT] Connected to existing browser context (2 open tabs)
2026-05-07 11:12:15 [INFO] [INIT] Opened new tab for scraping
2026-05-07 11:12:15 [INFO] [INIT] ✅ Browser ready with personal profile + extensions
2026-05-07 11:12:15 [INFO] 
──────────────────────────────────────────────────
2026-05-07 11:12:15 [INFO] [ROW 1/1]  | 2612 Taylor Street, Commerce, TX
2026-05-07 11:12:15 [INFO] ──────────────────────────────────────────────────
2026-05-07 11:12:15 [INFO] [ROW 1] Attempt 1/3
2026-05-07 11:12:15 [INFO] [SEARCH] Looking up:  at 2612 Taylor Street, Commerce, TX
2026-05-07 11:12:25 [INFO] [SEARCH] Cloudflare challenge detected, waiting for solve...
2026-05-07 11:12:25 [INFO] ==================================================
2026-05-07 11:12:25 [INFO] [CAPTCHA] ⏳ CAPTCHA/Challenge detected!
2026-05-07 11:12:25 [INFO] [CAPTCHA] Waiting for your extension or manual solve...
2026-05-07 11:12:25 [INFO] [CAPTCHA] Timeout: 300s — solve it in the browser window
2026-05-07 11:12:25 [INFO] ==================================================
2026-05-07 11:12:50 [INFO] [CAPTCHA] ✅ Challenge resolved after 24.7s
2026-05-07 11:13:10 [WARNING] [SEARCH] Could not click address tab (may already be active): Locator.click: Timeout 15000ms exceeded.
Call log:
  - waiting for locator("#searchAddress-tab, a:has-text(\"Address\"), button:has-text(\"Address\"), [data-tab=\"address\"], li:has-text(\"Address\") a").first
    - locator resolved to <button onclick="clickSearchTypeButton('address');" class="btn btn-success shadow-form home-icon">…</button>
  - attempting click action
    2 × waiting for element to be visible, enabled and stable
      - element is not visible
    - retrying click action
    - waiting 20ms
    2 × waiting for element to be visible, enabled and stable
      - element is not visible
    - retrying click action
      - waiting 100ms
    28 × waiting for element to be visible, enabled and stable
       - element is not visible
     - retrying click action
       - waiting 500ms

2026-05-07 11:13:10 [INFO] [SEARCH] Filled street: 2612 Taylor Street
2026-05-07 11:13:10 [INFO] [SEARCH] Filled city/state: Commerce, TX
2026-05-07 11:13:12 [INFO] [SEARCH] Submitted search
2026-05-07 11:13:25 [WARNING] [SEARCH] No clear result cards found, proceeding anyway.
2026-05-07 11:13:25 [INFO] [SEARCH] Best match: '' with score 0.50 (Target: '')
2026-05-07 11:13:25 [WARNING] [SEARCH] Found best match but could not find a clickable link. Trying first link.
2026-05-07 11:13:55 [INFO] [SEARCH] No clickable results, extracting from current page
2026-05-07 11:13:55 [WARNING] [EXTRACT] No JSON-LD blocks found
2026-05-07 11:13:55 [INFO] [EXTRACT] JSON-LD failed, trying HTML fallback
2026-05-07 11:13:56 [INFO] [EXTRACT] HTML extraction: 
2026-05-07 11:13:56 [INFO] [ROW 1] ✅ SUCCESS — 
2026-05-07 11:13:56 [INFO] [CLEANUP] Disconnecting from Chrome (browser stays open)
2026-05-07 11:13:56 [INFO] [OUTPUT] Saved 1 record(s) to C:\Users\DELL\Desktop\New folder (8)\web-crawler\results.csv
2026-05-07 11:13:56 [INFO] 
============================================================
2026-05-07 11:13:56 [INFO] SCRAPING COMPLETE
2026-05-07 11:13:56 [INFO]   Total processed:  1
2026-05-07 11:13:56 [INFO]   Successful:       1
2026-05-07 11:13:56 [INFO]   Failed:           0
2026-05-07 11:13:56 [INFO]   Output saved to:  C:\Users\DELL\Desktop\New folder (8)\web-crawler\results.csv
2026-05-07 11:13:56 [INFO] ============================================================
2026-05-07 11:18:38 [INFO] ============================================================
2026-05-07 11:18:38 [INFO] TruePeopleSearch Data Extraction Script
2026-05-07 11:18:38 [INFO] Mode: PHASE 1 (single row testing)
2026-05-07 11:18:38 [INFO] CAPTCHA: Extension/Manual solve (automated solver DISABLED)
2026-05-07 11:18:38 [INFO] VPN/IP Rotation: DISABLED (temporarily)
2026-05-07 11:18:38 [INFO] ============================================================
2026-05-07 11:18:38 [INFO] [INIT] VPN/IP rotation is DISABLED — using current IP
2026-05-07 11:18:38 [INFO] [INPUT] Loaded 585 rows from C:\Users\DELL\Desktop\New folder (8)\web-crawler\input.csv
2026-05-07 11:18:38 [INFO] [INIT] Phase 1 mode: processing first row only
2026-05-07 11:18:38 [INFO] [CHROME] Closing any existing Chrome processes...
2026-05-07 11:18:54 [WARNING] [CHROME] Some Chrome processes may still be running
2026-05-07 11:18:57 [INFO] [CHROME] Existing Chrome processes terminated
2026-05-07 11:18:57 [INFO] [CHROME] Launching Chrome with profile: Profile 11
2026-05-07 11:18:57 [INFO] [CHROME] User data dir: C:\Users\DELL\AppData\Local\Google\Chrome\User Data
2026-05-07 11:18:57 [INFO] [CHROME] PS Command: Start-Process -FilePath "C:\Program Files\Google\Chrome\Application\chrome.exe" -ArgumentList '--remote-debugging-port=9222', '--user-data-dir=C:\Users\DELL\AppData\Local\Google\Chrome\User Data', '--profile-directory=Profile 11', '--no-first-run', '--no-default-browser-check', '--start-maximized'
2026-05-07 11:18:57 [INFO] [CHROME] Launching via PowerShell...
2026-05-07 11:18:57 [INFO] [CHROME] Chrome launch command sent, waiting for CDP ready...
2026-05-07 11:18:58 [INFO] [CHROME] CDP port 9222 is ready
2026-05-07 11:18:59 [INFO] [INIT] Connecting to Chrome via CDP on port 9222...
2026-05-07 11:19:00 [INFO] [INIT] Connected to existing browser context (4 open tabs)
2026-05-07 11:19:00 [INFO] [INIT] Opened new tab for scraping
2026-05-07 11:19:00 [INFO] [INIT] ✅ Browser ready with personal profile + extensions
2026-05-07 11:19:00 [INFO] 
──────────────────────────────────────────────────
2026-05-07 11:19:00 [INFO] [ROW 1/1]  | 2612 Taylor Street, Commerce, TX
2026-05-07 11:19:00 [INFO] ──────────────────────────────────────────────────
2026-05-07 11:19:00 [INFO] [ROW 1] Attempt 1/3
2026-05-07 11:19:00 [INFO] [SEARCH] Looking up:  at 2612 Taylor Street, Commerce, TX
2026-05-07 11:19:25 [WARNING] [SEARCH] Could not click address tab (may already be active): Locator.click: Timeout 15000ms exceeded.
Call log:
  - waiting for locator("#searchAddress-tab, a:has-text(\"Address\"), button:has-text(\"Address\"), [data-tab=\"address\"], li:has-text(\"Address\") a").first
    - locator resolved to <button onclick="clickSearchTypeButton('address');" class="btn btn-success shadow-form home-icon">…</button>
  - attempting click action
    2 × waiting for element to be visible, enabled and stable
      - element is not visible
    - retrying click action
    - waiting 20ms
    2 × waiting for element to be visible, enabled and stable
      - element is not visible
    - retrying click action
      - waiting 100ms
    27 × waiting for element to be visible, enabled and stable
       - element is not visible
     - retrying click action
       - waiting 500ms

2026-05-07 11:19:25 [INFO] [SEARCH] Filled street: 2612 Taylor Street
2026-05-07 11:19:25 [INFO] [SEARCH] Filled city/state: Commerce, TX
2026-05-07 11:19:27 [INFO] [SEARCH] Submitted search
2026-05-07 11:19:30 [INFO] [SEARCH] Post-search Cloudflare challenge — waiting for solve...
2026-05-07 11:19:30 [INFO] ==================================================
2026-05-07 11:19:30 [INFO] [CAPTCHA] ⏳ CAPTCHA/Challenge detected!
2026-05-07 11:19:30 [INFO] [CAPTCHA] Waiting for your extension or manual solve...
2026-05-07 11:19:30 [INFO] [CAPTCHA] Timeout: 300s — solve it in the browser window
2026-05-07 11:19:30 [INFO] ==================================================
2026-05-07 11:19:46 [INFO] [CAPTCHA] ✅ Challenge resolved after 16.1s
2026-05-07 11:20:01 [WARNING] [SEARCH] No clear result cards found, proceeding anyway.
2026-05-07 11:20:01 [INFO] [SEARCH] Best match: '' with score 0.50 (Target: '')
2026-05-07 11:20:01 [WARNING] [SEARCH] Found best match but could not find a clickable link. Trying alternate.
2026-05-07 11:20:31 [WARNING] [SEARCH] Could not click card, trying first link found.
2026-05-07 11:21:01 [INFO] [SEARCH] No clickable results, extracting from current page
2026-05-07 11:21:01 [WARNING] [EXTRACT] No JSON-LD blocks found
2026-05-07 11:21:01 [INFO] [EXTRACT] JSON-LD failed, trying HTML fallback
2026-05-07 11:21:01 [INFO] [EXTRACT] HTML extraction success for: 
2026-05-07 11:21:01 [INFO] 
══════════════════════════════════════════════════
2026-05-07 11:21:01 [INFO]  MATCH FOUND
2026-05-07 11:21:01 [INFO] ══════════════════════════════════════════════════
2026-05-07 11:21:01 [INFO]  NAME:    
2026-05-07 11:21:01 [INFO]  PHONE:   
2026-05-07 11:21:01 [INFO]  EMAIL:   support@truepeoplesearch.com
2026-05-07 11:21:01 [INFO]  ZIP:     
2026-05-07 11:21:01 [INFO]  ADDRESS: N/A
2026-05-07 11:21:01 [INFO] ══════════════════════════════════════════════════

2026-05-07 11:21:01 [INFO] [ROW 1] ✅ SUCCESS — 
2026-05-07 11:21:01 [INFO] [CLEANUP] Disconnecting from Chrome (browser stays open)
2026-05-07 11:25:59 [INFO] ============================================================
2026-05-07 11:25:59 [INFO] TruePeopleSearch Data Extraction Script
2026-05-07 11:25:59 [INFO] Mode: PHASE 1 (single row testing)
2026-05-07 11:25:59 [INFO] CAPTCHA: Extension/Manual solve (automated solver DISABLED)
2026-05-07 11:25:59 [INFO] VPN/IP Rotation: DISABLED (temporarily)
2026-05-07 11:25:59 [INFO] ============================================================
2026-05-07 11:25:59 [INFO] [INIT] VPN/IP rotation is DISABLED — using current IP
2026-05-07 11:25:59 [INFO] [INPUT] CSV Fieldnames: ['', 'Property Addres', 'Property city', 'property state', 'Property Zip', 'Mailing Addres', 'Mailing city', 'Mailing state', 'Mailing Zip', 'Phone Numbers', 'Emails', 'Agent Name', 'Agent Address', '']
2026-05-07 11:25:59 [INFO] [INPUT] Using '' as target name column
2026-05-07 11:25:59 [INFO] [INPUT] Loaded 585 rows from C:\Users\DELL\Desktop\New folder (8)\web-crawler\input.csv
2026-05-07 11:25:59 [INFO] [INIT] Phase 1 mode: processing first row only
2026-05-07 11:25:59 [INFO] [CHROME] Closing any existing Chrome processes...
2026-05-07 11:26:03 [INFO] [CHROME] Existing Chrome processes terminated
2026-05-07 11:26:03 [INFO] [CHROME] Launching Chrome with profile: Profile 11
2026-05-07 11:26:03 [INFO] [CHROME] User data dir: C:\Users\DELL\AppData\Local\Google\Chrome\User Data
2026-05-07 11:26:03 [INFO] [CHROME] PS Command: Start-Process -FilePath "C:\Program Files\Google\Chrome\Application\chrome.exe" -ArgumentList '--remote-debugging-port=9222', '--user-data-dir=C:\Users\DELL\AppData\Local\Google\Chrome\User Data', '--profile-directory=Profile 11', '--no-first-run', '--no-default-browser-check', '--start-maximized'
2026-05-07 11:26:03 [INFO] [CHROME] Launching via PowerShell...
2026-05-07 11:26:04 [INFO] [CHROME] Chrome launch command sent, waiting for CDP ready...
2026-05-07 11:26:05 [INFO] [CHROME] CDP port 9222 is ready
2026-05-07 11:26:06 [INFO] [INIT] Connecting to Chrome via CDP on port 9222...
2026-05-07 11:26:07 [INFO] [INIT] Connected to existing browser context (4 open tabs)
2026-05-07 11:26:07 [INFO] [INIT] Opened new tab for scraping
2026-05-07 11:26:07 [INFO] [INIT] ✅ Browser ready with personal profile + extensions
2026-05-07 11:26:07 [INFO] 
──────────────────────────────────────────────────
2026-05-07 11:26:07 [INFO] [ROW 1/1]  | 2612 Taylor Street, Commerce, TX
2026-05-07 11:26:07 [INFO] ──────────────────────────────────────────────────
2026-05-07 11:26:07 [INFO] [ROW 1] Attempt 1/3
2026-05-07 11:26:07 [INFO] [SEARCH] Looking up:  at 2612 Taylor Street, Commerce, TX
2026-05-07 11:26:31 [WARNING] [SEARCH] Could not click address tab (may already be active): Locator.click: Timeout 15000ms exceeded.
Call log:
  - waiting for locator("#searchAddress-tab, a:has-text(\"Address\"), button:has-text(\"Address\"), [data-tab=\"address\"], li:has-text(\"Address\") a").first
    - locator resolved to <button onclick="clickSearchTypeButton('address');" class="btn btn-success shadow-form home-icon">…</button>
  - attempting click action
    2 × waiting for element to be visible, enabled and stable
      - element is not visible
    - retrying click action
    - waiting 20ms
    2 × waiting for element to be visible, enabled and stable
      - element is not visible
    - retrying click action
      - waiting 100ms
    28 × waiting for element to be visible, enabled and stable
       - element is not visible
     - retrying click action
       - waiting 500ms

2026-05-07 11:26:31 [INFO] [SEARCH] Filled street: 2612 Taylor Street
2026-05-07 11:26:31 [INFO] [SEARCH] Filled city/state: Commerce, TX
2026-05-07 11:26:32 [INFO] [SEARCH] Submitted search
2026-05-07 11:26:45 [WARNING] [SEARCH] No clear result cards found, proceeding anyway.
2026-05-07 11:26:45 [INFO] [SEARCH] Best match: '' with score 0.50 (Target: '')
2026-05-07 11:26:45 [WARNING] [SEARCH] Found best match but could not find a clickable link. Trying alternate.
2026-05-07 11:27:15 [WARNING] [SEARCH] Could not click card, trying first link found.
2026-05-07 11:27:45 [INFO] [SEARCH] No clickable results, extracting from current page
2026-05-07 11:27:45 [WARNING] [EXTRACT] No JSON-LD blocks found
2026-05-07 11:27:45 [INFO] [EXTRACT] JSON-LD failed, trying HTML fallback
2026-05-07 11:27:46 [INFO] [EXTRACT] HTML extraction success for: 
2026-05-07 11:27:46 [INFO] 
══════════════════════════════════════════════════
2026-05-07 11:27:46 [INFO]  MATCH FOUND
2026-05-07 11:27:46 [INFO] ══════════════════════════════════════════════════
2026-05-07 11:27:46 [INFO]  NAME:    
2026-05-07 11:27:46 [INFO]  PHONE:   
2026-05-07 11:27:46 [INFO]  EMAIL:   support@truepeoplesearch.com
2026-05-07 11:27:46 [INFO]  ZIP:     
2026-05-07 11:27:46 [INFO]  ADDRESS: N/A
2026-05-07 11:27:46 [INFO] ══════════════════════════════════════════════════

2026-05-07 11:27:46 [INFO] [ROW 1] ✅ SUCCESS — 
2026-05-07 11:27:46 [INFO] [CLEANUP] Disconnecting from Chrome (browser stays open)
2026-05-07 11:29:50 [INFO] ============================================================
2026-05-07 11:29:50 [INFO] TruePeopleSearch Data Extraction Script
2026-05-07 11:29:50 [INFO] Mode: PHASE 1 (single row testing)
2026-05-07 11:29:50 [INFO] CAPTCHA: Extension/Manual solve (automated solver DISABLED)
2026-05-07 11:29:50 [INFO] VPN/IP Rotation: DISABLED (temporarily)
2026-05-07 11:29:50 [INFO] ============================================================
2026-05-07 11:29:50 [INFO] [INIT] VPN/IP rotation is DISABLED — using current IP
2026-05-07 11:29:50 [INFO] [INPUT] CSV Header: ['', 'Property Addres', 'Property city', 'property state', 'Property Zip', 'Mailing Addres', 'Mailing city', 'Mailing state', 'Mailing Zip', 'Phone Numbers', 'Emails', 'Agent Name', 'Agent Address', '']
2026-05-07 11:29:50 [INFO] [INPUT] Column map: Name=0, Addr=5, City=6, State=7
2026-05-07 11:29:50 [INFO] [INPUT] Loaded 585 rows from C:\Users\DELL\Desktop\New folder (8)\web-crawler\input.csv
2026-05-07 11:29:50 [INFO] [INIT] Phase 1 mode: processing first row only
2026-05-07 11:29:50 [INFO] [CHROME] Closing any existing Chrome processes...
2026-05-07 11:29:54 [INFO] [CHROME] Existing Chrome processes terminated
2026-05-07 11:29:54 [INFO] [CHROME] Launching Chrome with profile: Profile 11
2026-05-07 11:29:54 [INFO] [CHROME] User data dir: C:\Users\DELL\AppData\Local\Google\Chrome\User Data
2026-05-07 11:29:54 [INFO] [CHROME] PS Command: Start-Process -FilePath "C:\Program Files\Google\Chrome\Application\chrome.exe" -ArgumentList '--remote-debugging-port=9222', '--user-data-dir=C:\Users\DELL\AppData\Local\Google\Chrome\User Data', '--profile-directory=Profile 11', '--no-first-run', '--no-default-browser-check', '--start-maximized'
2026-05-07 11:29:54 [INFO] [CHROME] Launching via PowerShell...
2026-05-07 11:29:55 [INFO] [CHROME] Chrome launch command sent, waiting for CDP ready...
2026-05-07 11:29:55 [INFO] [CHROME] CDP port 9222 is ready
2026-05-07 11:29:58 [INFO] [INIT] Connecting to Chrome via CDP on port 9222...
2026-05-07 11:29:58 [INFO] [INIT] Connected to existing browser context (4 open tabs)
2026-05-07 11:29:58 [INFO] [INIT] Opened new tab for scraping
2026-05-07 11:29:58 [INFO] [INIT] Browser ready with personal profile + extensions
2026-05-07 11:29:58 [INFO] 
──────────────────────────────────────────────────
2026-05-07 11:29:58 [INFO] [ROW 1/1] Adams John Miller | 2612 Taylor St, Commerce, Tx
2026-05-07 11:29:58 [INFO] ──────────────────────────────────────────────────
2026-05-07 11:29:58 [INFO] [ROW 1] Attempt 1/3
2026-05-07 11:29:58 [INFO] [SEARCH] Looking up: Adams John Miller at 2612 Taylor St, Commerce, Tx
2026-05-07 11:30:23 [WARNING] [SEARCH] Could not click address tab (may already be active): Locator.click: Timeout 15000ms exceeded.
Call log:
  - waiting for locator("#searchAddress-tab, a:has-text(\"Address\"), button:has-text(\"Address\"), [data-tab=\"address\"], li:has-text(\"Address\") a").first
    - locator resolved to <button onclick="clickSearchTypeButton('address');" class="btn btn-success shadow-form home-icon">…</button>
  - attempting click action
    2 × waiting for element to be visible, enabled and stable
      - element is not visible
    - retrying click action
    - waiting 20ms
    2 × waiting for element to be visible, enabled and stable
      - element is not visible
    - retrying click action
      - waiting 100ms
    28 × waiting for element to be visible, enabled and stable
       - element is not visible
     - retrying click action
       - waiting 500ms

2026-05-07 11:30:24 [INFO] [SEARCH] Filled street: 2612 Taylor St
2026-05-07 11:30:24 [INFO] [SEARCH] Filled city/state: Commerce, Tx
2026-05-07 11:30:26 [INFO] [SEARCH] Submitted search
2026-05-07 11:30:39 [WARNING] [SEARCH] No clear result cards found, proceeding anyway.
2026-05-07 11:30:39 [INFO] [SEARCH] Best match: '' with score 0.00 (Target: 'Adams John Miller')
2026-05-07 11:30:39 [WARNING] [SEARCH] Found best match but could not find a clickable link. Trying alternate.
2026-05-07 11:30:49 [INFO] ============================================================
2026-05-07 11:30:49 [INFO] TruePeopleSearch Data Extraction Script
2026-05-07 11:30:49 [INFO] Mode: PHASE 1 (single row testing)
2026-05-07 11:30:49 [INFO] CAPTCHA: Extension/Manual solve (automated solver DISABLED)
2026-05-07 11:30:49 [INFO] VPN/IP Rotation: DISABLED (temporarily)
2026-05-07 11:30:49 [INFO] ============================================================
2026-05-07 11:30:49 [INFO] [INIT] VPN/IP rotation is DISABLED — using current IP
2026-05-07 11:30:49 [INFO] [INPUT] CSV Header: ['', 'Property Addres', 'Property city', 'property state', 'Property Zip', 'Mailing Addres', 'Mailing city', 'Mailing state', 'Mailing Zip', 'Phone Numbers', 'Emails', 'Agent Name', 'Agent Address', '']
2026-05-07 11:30:49 [INFO] [INPUT] Column map: Name=0, Addr=5, City=6, State=7
2026-05-07 11:30:49 [INFO] [INPUT] Loaded 585 rows from C:\Users\DELL\Desktop\New folder (8)\web-crawler\input.csv
2026-05-07 11:30:49 [INFO] [INIT] Phase 1 mode: processing first row only
2026-05-07 11:30:49 [INFO] [CHROME] Closing any existing Chrome processes...
2026-05-07 11:30:49 [WARNING] [SEARCH] Could not click card, trying first link found.
2026-05-07 11:30:49 [INFO] [SEARCH] No clickable results, extracting from current page
2026-05-07 11:30:49 [ERROR] [EXTRACT] JSON-LD error: Page.evaluate: Target page, context or browser has been closed
2026-05-07 11:30:49 [INFO] [EXTRACT] JSON-LD failed, trying HTML fallback
2026-05-07 11:30:49 [WARNING] [ROW 1] Attempt 1 failed, retrying...
2026-05-07 11:30:49 [ERROR] [ERROR] Fatal error: Page.wait_for_timeout: Target page, context or browser has been closed
2026-05-07 11:30:49 [ERROR] [ERROR] Make sure Chrome is not already running, or close all Chrome windows first
2026-05-07 11:30:53 [INFO] [CHROME] Existing Chrome processes terminated
2026-05-07 11:30:53 [INFO] [CHROME] Launching Chrome with profile: Profile 11
2026-05-07 11:30:53 [INFO] [CHROME] User data dir: C:\Users\DELL\AppData\Local\Google\Chrome\User Data
2026-05-07 11:30:53 [INFO] [CHROME] PS Command: Start-Process -FilePath "C:\Program Files\Google\Chrome\Application\chrome.exe" -ArgumentList '--remote-debugging-port=9222', '--user-data-dir=C:\Users\DELL\AppData\Local\Google\Chrome\User Data', '--profile-directory=Profile 11', '--no-first-run', '--no-default-browser-check', '--start-maximized'
2026-05-07 11:30:53 [INFO] [CHROME] Launching via PowerShell...
2026-05-07 11:30:53 [INFO] [CHROME] Chrome launch command sent, waiting for CDP ready...
2026-05-07 11:30:54 [INFO] [CHROME] CDP port 9222 is ready
2026-05-07 11:30:56 [INFO] [INIT] Connecting to Chrome via CDP on port 9222...
2026-05-07 11:30:57 [INFO] [INIT] Connected to existing browser context (4 open tabs)
2026-05-07 11:30:57 [INFO] [INIT] Opened new tab for scraping
2026-05-07 11:30:57 [INFO] [INIT] Browser ready with personal profile + extensions
2026-05-07 11:30:57 [INFO] 
──────────────────────────────────────────────────
2026-05-07 11:30:57 [INFO] [ROW 1/1] Adams John Miller | 2612 Taylor St, Commerce, Tx
2026-05-07 11:30:57 [INFO] ──────────────────────────────────────────────────
2026-05-07 11:30:57 [INFO] [ROW 1] Attempt 1/3
2026-05-07 11:30:57 [INFO] [SEARCH] Looking up: Adams John Miller at 2612 Taylor St, Commerce, Tx
2026-05-07 11:31:21 [WARNING] [SEARCH] Could not click address tab (may already be active): Locator.click: Timeout 15000ms exceeded.
Call log:
  - waiting for locator("#searchAddress-tab, a:has-text(\"Address\"), button:has-text(\"Address\"), [data-tab=\"address\"], li:has-text(\"Address\") a").first
    - locator resolved to <button onclick="clickSearchTypeButton('address');" class="btn btn-success shadow-form home-icon">…</button>
  - attempting click action
    2 × waiting for element to be visible, enabled and stable
      - element is not visible
    - retrying click action
    - waiting 20ms
    2 × waiting for element to be visible, enabled and stable
      - element is not visible
    - retrying click action
      - waiting 100ms
    28 × waiting for element to be visible, enabled and stable
       - element is not visible
     - retrying click action
       - waiting 500ms

2026-05-07 11:31:21 [INFO] [SEARCH] Filled street: 2612 Taylor St
2026-05-07 11:31:21 [INFO] [SEARCH] Filled city/state: Commerce, Tx
2026-05-07 11:31:22 [INFO] [SEARCH] Submitted search
2026-05-07 11:31:36 [WARNING] [SEARCH] No clear result cards found, proceeding anyway.
2026-05-07 11:31:36 [INFO] [SEARCH] Best match: '' with score 0.00 (Target: 'Adams John Miller')
2026-05-07 11:31:36 [WARNING] [SEARCH] Found best match but could not find a clickable link. Trying alternate.
2026-05-07 11:32:06 [WARNING] [SEARCH] Could not click card, trying first link found.
2026-05-07 11:32:07 [INFO] [EXTRACT] Found Person JSON-LD data
2026-05-07 11:32:07 [INFO] [EXTRACT] Parsed: John M Adams | 4 phones | 2 emails
2026-05-07 11:32:07 [INFO] 
══════════════════════════════════════════════════
2026-05-07 11:32:07 [INFO]  MATCH FOUND
2026-05-07 11:32:07 [INFO] ══════════════════════════════════════════════════
2026-05-07 11:32:07 [INFO]  NAME:    John M Adams
2026-05-07 11:32:07 [INFO]  PHONE:   (903) 886-6607 | (903) 729-4567 | (972) 886-6607 | (214) 886-6607
2026-05-07 11:32:07 [INFO]  EMAIL:   jadams@icqmail.com | smadaakoj@yahoo.com
2026-05-07 11:32:07 [INFO]  ZIP:     75428
2026-05-07 11:32:07 [INFO]  ADDRESS: 2612 Taylor St, Commerce, TX 75428
2026-05-07 11:32:07 [INFO] ══════════════════════════════════════════════════

2026-05-07 11:32:07 [INFO] [ROW 1] SUCCESS - John M Adams
2026-05-07 11:32:07 [INFO] [CLEANUP] Disconnecting from Chrome (browser stays open)
2026-05-07 11:35:21 [INFO] ============================================================
2026-05-07 11:35:21 [INFO] TruePeopleSearch Data Extraction Script
2026-05-07 11:35:21 [INFO] Mode: PHASE 1 (single row testing)
2026-05-07 11:35:21 [INFO] CAPTCHA: Extension/Manual solve (automated solver DISABLED)
2026-05-07 11:35:21 [INFO] VPN/IP Rotation: DISABLED (temporarily)
2026-05-07 11:35:21 [INFO] ============================================================
2026-05-07 11:35:21 [INFO] [INIT] VPN/IP rotation is DISABLED — using current IP
2026-05-07 11:35:21 [INFO] [INPUT] CSV Header: ['', 'Property Addres', 'Property city', 'property state', 'Property Zip', 'Mailing Addres', 'Mailing city', 'Mailing state', 'Mailing Zip', 'Phone Numbers', 'Emails', 'Agent Name', 'Agent Address', '']
2026-05-07 11:35:21 [INFO] [INPUT] Column map: Name=0, Addr=5, City=6, State=7
2026-05-07 11:35:21 [INFO] [INPUT] Loaded 585 rows from C:\Users\DELL\Desktop\New folder (8)\web-crawler\input.csv
2026-05-07 11:35:21 [INFO] [INIT] Phase 1 mode: processing first row only
2026-05-07 11:35:21 [INFO] [CHROME] Closing any existing Chrome processes...
2026-05-07 11:35:26 [INFO] [CHROME] Existing Chrome processes terminated
2026-05-07 11:35:26 [INFO] [CHROME] Launching Chrome with profile: Profile 11
2026-05-07 11:35:26 [INFO] [CHROME] User data dir: C:\Users\DELL\AppData\Local\Google\Chrome\User Data
2026-05-07 11:35:26 [INFO] [CHROME] PS Command: Start-Process -FilePath "C:\Program Files\Google\Chrome\Application\chrome.exe" -ArgumentList '--remote-debugging-port=9222', '--user-data-dir=C:\Users\DELL\AppData\Local\Google\Chrome\User Data', '--profile-directory=Profile 11', '--no-first-run', '--no-default-browser-check', '--start-maximized'
2026-05-07 11:35:26 [INFO] [CHROME] Launching via PowerShell...
2026-05-07 11:35:26 [INFO] [CHROME] Chrome launch command sent, waiting for CDP ready...
2026-05-07 11:35:27 [INFO] [CHROME] CDP port 9222 is ready
2026-05-07 11:35:28 [INFO] [INIT] Connecting to Chrome via CDP on port 9222...
2026-05-07 11:35:29 [INFO] [INIT] Connected to existing browser context (2 open tabs)
2026-05-07 11:35:30 [INFO] [INIT] Opened new tab for scraping
2026-05-07 11:35:30 [INFO] [INIT] Browser ready with personal profile + extensions
2026-05-07 11:35:30 [INFO] 
──────────────────────────────────────────────────
2026-05-07 11:35:30 [INFO] [ROW 1/1] Adams John Miller | 2612 Taylor St, Commerce, Tx
2026-05-07 11:35:30 [INFO] ──────────────────────────────────────────────────
2026-05-07 11:35:30 [INFO] [ROW 1] Attempt 1/3
2026-05-07 11:35:30 [INFO] [SEARCH] Looking up: Adams John Miller at 2612 Taylor St, Commerce, Tx
2026-05-07 11:35:53 [WARNING] [SEARCH] Could not click address tab (may already be active): Locator.click: Timeout 15000ms exceeded.
Call log:
  - waiting for locator("#searchAddress-tab, a:has-text(\"Address\"), button:has-text(\"Address\"), [data-tab=\"address\"], li:has-text(\"Address\") a").first
    - locator resolved to <button onclick="clickSearchTypeButton('address');" class="btn btn-success shadow-form home-icon">…</button>
  - attempting click action
    2 × waiting for element to be visible, enabled and stable
      - element is not visible
    - retrying click action
    - waiting 20ms
    2 × waiting for element to be visible, enabled and stable
      - element is not visible
    - retrying click action
      - waiting 100ms
    28 × waiting for element to be visible, enabled and stable
       - element is not visible
     - retrying click action
       - waiting 500ms

2026-05-07 11:35:53 [INFO] [SEARCH] Filled street: 2612 Taylor St
2026-05-07 11:35:54 [INFO] [SEARCH] Filled city/state: Commerce, Tx
2026-05-07 11:35:54 [INFO] [SEARCH] Submitted search
2026-05-07 11:35:58 [INFO] [SEARCH] Post-search Cloudflare challenge — waiting for solve...
2026-05-07 11:35:58 [INFO] ==================================================
2026-05-07 11:35:58 [INFO] [CAPTCHA] CAPTCHA/Challenge detected!
2026-05-07 11:35:58 [INFO] [CAPTCHA] Waiting for your extension or manual solve...
2026-05-07 11:35:58 [INFO] [CAPTCHA] Timeout: 300s - solve it in the browser window
2026-05-07 11:35:58 [INFO] ==================================================
2026-05-07 11:36:13 [INFO] [CAPTCHA] Challenge resolved after 15.4s
2026-05-07 11:36:28 [WARNING] [SEARCH] No clear result cards found, proceeding anyway.
2026-05-07 11:36:28 [INFO] [SEARCH] Best match: '' with score 0.00 (Target: 'Adams John Miller')
2026-05-07 11:36:28 [WARNING] [SEARCH] Found best match but could not find a clickable link. Trying alternate.
2026-05-07 11:36:58 [WARNING] [SEARCH] Could not click card, trying first link found.
2026-05-07 11:37:28 [INFO] [SEARCH] No clickable results, extracting from current page
2026-05-07 11:37:28 [WARNING] [EXTRACT] No JSON-LD blocks found
2026-05-07 11:37:28 [INFO] [EXTRACT] JSON-LD failed, trying HTML fallback
2026-05-07 11:37:28 [INFO] [EXTRACT] HTML extraction success for: 
2026-05-07 11:37:28 [INFO] 
══════════════════════════════════════════════════
2026-05-07 11:37:28 [INFO]  MATCH FOUND
2026-05-07 11:37:28 [INFO] ══════════════════════════════════════════════════
2026-05-07 11:37:28 [INFO]  NAME:    
2026-05-07 11:37:28 [INFO]  PHONE:   
2026-05-07 11:37:28 [INFO]  EMAIL:   support@truepeoplesearch.com
2026-05-07 11:37:28 [INFO]  ZIP:     
2026-05-07 11:37:28 [INFO]  ADDRESS: N/A
2026-05-07 11:37:28 [INFO] ══════════════════════════════════════════════════

2026-05-07 11:37:28 [INFO] [ROW 1] SUCCESS - 
2026-05-07 11:37:28 [INFO] [CLEANUP] Disconnecting from Chrome (browser stays open)
2026-05-07 11:37:28 [ERROR] 
!!!!!!!!!!!!!!!!!!!!!!!!!!!!!!!!!!!!!!!!!!!!!!!!!!!!!!!!!!!!
2026-05-07 11:37:28 [ERROR] [ERROR] COULD NOT SAVE TO C:\Users\DELL\Desktop\New folder (8)\web-crawler\results.csv
2026-05-07 11:37:28 [ERROR] The file is currently OPEN in another program (Excel, etc.)
2026-05-07 11:37:28 [ERROR] Please CLOSE the file and run the script again to save these results.
2026-05-07 11:37:28 [ERROR] !!!!!!!!!!!!!!!!!!!!!!!!!!!!!!!!!!!!!!!!!!!!!!!!!!!!!!!!!!!!

2026-05-07 11:37:28 [INFO] [OUTPUT] Backup saved to: C:\Users\DELL\Desktop\New folder (8)\web-crawler\results_20260507_113728.csv
2026-05-07 11:37:28 [INFO] 
============================================================
2026-05-07 11:37:28 [INFO] SCRAPING COMPLETE
2026-05-07 11:37:28 [INFO]   Total processed:  1
2026-05-07 11:37:28 [INFO]   Successful:       1
2026-05-07 11:37:28 [INFO]   Failed:           0
2026-05-07 11:37:28 [INFO]   Output saved to:  C:\Users\DELL\Desktop\New folder (8)\web-crawler\results.csv
2026-05-07 11:37:28 [INFO] ============================================================
2026-05-07 11:38:25 [INFO] ============================================================
2026-05-07 11:38:25 [INFO] TruePeopleSearch Data Extraction Script
2026-05-07 11:38:25 [INFO] Mode: PHASE 1 (single row testing)
2026-05-07 11:38:25 [INFO] CAPTCHA: Extension/Manual solve (automated solver DISABLED)
2026-05-07 11:38:25 [INFO] VPN/IP Rotation: DISABLED (temporarily)
2026-05-07 11:38:25 [INFO] ============================================================
2026-05-07 11:38:25 [INFO] [INIT] VPN/IP rotation is DISABLED — using current IP
2026-05-07 11:38:25 [INFO] [INPUT] CSV Header: ['', 'Property Addres', 'Property city', 'property state', 'Property Zip', 'Mailing Addres', 'Mailing city', 'Mailing state', 'Mailing Zip', 'Phone Numbers', 'Emails', 'Agent Name', 'Agent Address', '']
2026-05-07 11:38:25 [INFO] [INPUT] Column map: Name=0, Addr=5, City=6, State=7
2026-05-07 11:38:25 [INFO] [INPUT] Loaded 585 rows from C:\Users\DELL\Desktop\New folder (8)\web-crawler\input.csv
2026-05-07 11:38:25 [INFO] [INIT] Phase 1 mode: processing first row only
2026-05-07 11:38:25 [INFO] [CHROME] Closing any existing Chrome processes...
2026-05-07 11:38:29 [INFO] [CHROME] Existing Chrome processes terminated
2026-05-07 11:38:29 [INFO] [CHROME] Launching Chrome with profile: Profile 11
2026-05-07 11:38:29 [INFO] [CHROME] User data dir: C:\Users\DELL\AppData\Local\Google\Chrome\User Data
2026-05-07 11:38:29 [INFO] [CHROME] PS Command: Start-Process -FilePath "C:\Program Files\Google\Chrome\Application\chrome.exe" -ArgumentList '--remote-debugging-port=9222', '--user-data-dir=C:\Users\DELL\AppData\Local\Google\Chrome\User Data', '--profile-directory=Profile 11', '--no-first-run', '--no-default-browser-check', '--start-maximized'
2026-05-07 11:38:29 [INFO] [CHROME] Launching via PowerShell...
2026-05-07 11:38:30 [INFO] [CHROME] Chrome launch command sent, waiting for CDP ready...
2026-05-07 11:38:30 [INFO] [CHROME] CDP port 9222 is ready
2026-05-07 11:38:31 [INFO] [INIT] Connecting to Chrome via CDP on port 9222...
2026-05-07 11:38:32 [INFO] [INIT] Connected to existing browser context (2 open tabs)
2026-05-07 11:38:32 [INFO] [INIT] Opened new tab for scraping
2026-05-07 11:38:32 [INFO] [INIT] Browser ready with personal profile + extensions
2026-05-07 11:38:32 [INFO] 
──────────────────────────────────────────────────
2026-05-07 11:38:32 [INFO] [ROW 1/1] Adams John Miller | 2612 Taylor St, Commerce, Tx
2026-05-07 11:38:32 [INFO] ──────────────────────────────────────────────────
2026-05-07 11:38:32 [INFO] [ROW 1] Attempt 1/3
2026-05-07 11:38:32 [INFO] [SEARCH] Looking up: Adams John Miller at 2612 Taylor St, Commerce, Tx
2026-05-07 11:38:56 [WARNING] [SEARCH] Could not click address tab (may already be active): Locator.click: Timeout 15000ms exceeded.
Call log:
  - waiting for locator("#searchAddress-tab, a:has-text(\"Address\"), button:has-text(\"Address\"), [data-tab=\"address\"], li:has-text(\"Address\") a").first
    - locator resolved to <button onclick="clickSearchTypeButton('address');" class="btn btn-success shadow-form home-icon">…</button>
  - attempting click action
    2 × waiting for element to be visible, enabled and stable
      - element is not visible
    - retrying click action
    - waiting 20ms
    2 × waiting for element to be visible, enabled and stable
      - element is not visible
    - retrying click action
      - waiting 100ms
    28 × waiting for element to be visible, enabled and stable
       - element is not visible
     - retrying click action
       - waiting 500ms

2026-05-07 11:38:56 [INFO] [SEARCH] Filled street: 2612 Taylor St
2026-05-07 11:38:56 [INFO] [SEARCH] Filled city/state: Commerce, Tx
2026-05-07 11:38:57 [INFO] [SEARCH] Submitted search
2026-05-07 11:39:01 [INFO] [SEARCH] Post-search Cloudflare challenge — waiting for solve...
2026-05-07 11:39:01 [INFO] ==================================================
2026-05-07 11:39:01 [INFO] [CAPTCHA] CAPTCHA/Challenge detected!
2026-05-07 11:39:01 [INFO] [CAPTCHA] Waiting for your extension or manual solve...
2026-05-07 11:39:01 [INFO] [CAPTCHA] Timeout: 300s - solve it in the browser window
2026-05-07 11:39:01 [INFO] ==================================================
2026-05-07 11:39:17 [INFO] [CAPTCHA] Challenge resolved after 16.0s
2026-05-07 11:39:32 [WARNING] [SEARCH] No clear result cards found, proceeding anyway.
2026-05-07 11:39:32 [INFO] [SEARCH] Best match: '' with score 0.00 (Target: 'Adams John Miller')
2026-05-07 11:39:32 [WARNING] [SEARCH] Found best match but could not find a clickable link. Trying alternate.
2026-05-07 11:40:02 [WARNING] [SEARCH] Could not click card, trying first link found.
2026-05-07 11:40:32 [INFO] [SEARCH] No clickable results, extracting from current page
2026-05-07 11:40:32 [WARNING] [EXTRACT] No JSON-LD blocks found
2026-05-07 11:40:32 [INFO] [EXTRACT] JSON-LD failed, trying HTML fallback
2026-05-07 11:40:32 [INFO] [EXTRACT] HTML extraction success for: 
2026-05-07 11:40:32 [INFO] 
══════════════════════════════════════════════════
2026-05-07 11:40:32 [INFO]  MATCH FOUND
2026-05-07 11:40:32 [INFO] ══════════════════════════════════════════════════
2026-05-07 11:40:32 [INFO]  NAME:    
2026-05-07 11:40:32 [INFO]  PHONE:   
2026-05-07 11:40:32 [INFO]  EMAIL:   support@truepeoplesearch.com
2026-05-07 11:40:32 [INFO]  ZIP:     
2026-05-07 11:40:32 [INFO]  ADDRESS: N/A
2026-05-07 11:40:32 [INFO] ══════════════════════════════════════════════════

2026-05-07 11:40:32 [INFO] [ROW 1] SUCCESS - 
2026-05-07 11:40:32 [INFO] [CLEANUP] Disconnecting from Chrome (browser stays open)
2026-05-07 11:40:32 [ERROR] 
!!!!!!!!!!!!!!!!!!!!!!!!!!!!!!!!!!!!!!!!!!!!!!!!!!!!!!!!!!!!
2026-05-07 11:40:32 [ERROR] [ERROR] COULD NOT SAVE TO C:\Users\DELL\Desktop\New folder (8)\web-crawler\results.csv
2026-05-07 11:40:32 [ERROR] The file is currently OPEN in another program (Excel, etc.)
2026-05-07 11:40:32 [ERROR] Please CLOSE the file and run the script again to save these results.
2026-05-07 11:40:32 [ERROR] !!!!!!!!!!!!!!!!!!!!!!!!!!!!!!!!!!!!!!!!!!!!!!!!!!!!!!!!!!!!

2026-05-07 11:40:32 [INFO] [OUTPUT] Backup saved to: C:\Users\DELL\Desktop\New folder (8)\web-crawler\results_20260507_114032.csv
2026-05-07 11:40:32 [INFO] 
============================================================
2026-05-07 11:40:32 [INFO] SCRAPING COMPLETE
2026-05-07 11:40:32 [INFO]   Total processed:  1
2026-05-07 11:40:32 [INFO]   Successful:       1
2026-05-07 11:40:32 [INFO]   Failed:           0
2026-05-07 11:40:32 [INFO]   Output saved to:  C:\Users\DELL\Desktop\New folder (8)\web-crawler\results.csv
2026-05-07 11:40:32 [INFO] ============================================================
2026-05-07 11:40:35 [INFO] ============================================================
2026-05-07 11:40:35 [INFO] TruePeopleSearch Data Extraction Script
2026-05-07 11:40:35 [INFO] Mode: PHASE 1 (single row testing)
2026-05-07 11:40:35 [INFO] CAPTCHA: Extension/Manual solve (automated solver DISABLED)
2026-05-07 11:40:35 [INFO] VPN/IP Rotation: DISABLED (temporarily)
2026-05-07 11:40:35 [INFO] ============================================================
2026-05-07 11:40:35 [INFO] [INIT] VPN/IP rotation is DISABLED — using current IP
2026-05-07 11:40:35 [INFO] [INPUT] CSV Header: ['', 'Property Addres', 'Property city', 'property state', 'Property Zip', 'Mailing Addres', 'Mailing city', 'Mailing state', 'Mailing Zip', 'Phone Numbers', 'Emails', 'Agent Name', 'Agent Address', '']
2026-05-07 11:40:35 [INFO] [INPUT] Column map: Name=0, Addr=5, City=6, State=7
2026-05-07 11:40:35 [INFO] [INPUT] Loaded 585 rows from C:\Users\DELL\Desktop\New folder (8)\web-crawler\input.csv
2026-05-07 11:40:35 [INFO] [INIT] Phase 1 mode: processing first row only
2026-05-07 11:40:35 [INFO] [CHROME] Closing any existing Chrome processes...
2026-05-07 11:40:39 [INFO] [CHROME] Existing Chrome processes terminated
2026-05-07 11:40:39 [INFO] [CHROME] Launching Chrome with profile: Profile 11
2026-05-07 11:40:39 [INFO] [CHROME] User data dir: C:\Users\DELL\AppData\Local\Google\Chrome\User Data
2026-05-07 11:40:39 [INFO] [CHROME] PS Command: Start-Process -FilePath "C:\Program Files\Google\Chrome\Application\chrome.exe" -ArgumentList '--remote-debugging-port=9222', '--user-data-dir=C:\Users\DELL\AppData\Local\Google\Chrome\User Data', '--profile-directory=Profile 11', '--no-first-run', '--no-default-browser-check', '--start-maximized'
2026-05-07 11:40:39 [INFO] [CHROME] Launching via PowerShell...
2026-05-07 11:40:40 [INFO] [CHROME] Chrome launch command sent, waiting for CDP ready...
2026-05-07 11:40:40 [INFO] [CHROME] CDP port 9222 is ready
2026-05-07 11:40:41 [INFO] [INIT] Connecting to Chrome via CDP on port 9222...
2026-05-07 11:40:42 [INFO] [INIT] Connected to existing browser context (2 open tabs)
2026-05-07 11:40:43 [INFO] [INIT] Opened new tab for scraping
2026-05-07 11:40:43 [INFO] [INIT] Browser ready with personal profile + extensions
2026-05-07 11:40:43 [INFO] 
──────────────────────────────────────────────────
2026-05-07 11:40:43 [INFO] [ROW 1/1] Adams John Miller | 2612 Taylor St, Commerce, Tx
2026-05-07 11:40:43 [INFO] ──────────────────────────────────────────────────
2026-05-07 11:40:43 [INFO] [ROW 1] Attempt 1/3
2026-05-07 11:40:43 [INFO] [SEARCH] Looking up: Adams John Miller at 2612 Taylor St, Commerce, Tx
2026-05-07 11:41:06 [WARNING] [SEARCH] Could not click address tab (may already be active): Locator.click: Timeout 15000ms exceeded.
Call log:
  - waiting for locator("#searchAddress-tab, a:has-text(\"Address\"), button:has-text(\"Address\"), [data-tab=\"address\"], li:has-text(\"Address\") a").first
    - locator resolved to <button onclick="clickSearchTypeButton('address');" class="btn btn-success shadow-form home-icon">…</button>
  - attempting click action
    2 × waiting for element to be visible, enabled and stable
      - element is not visible
    - retrying click action
    - waiting 20ms
    2 × waiting for element to be visible, enabled and stable
      - element is not visible
    - retrying click action
      - waiting 100ms
    28 × waiting for element to be visible, enabled and stable
       - element is not visible
     - retrying click action
       - waiting 500ms

2026-05-07 11:41:06 [INFO] [SEARCH] Filled street: 2612 Taylor St
2026-05-07 11:41:06 [INFO] [SEARCH] Filled city/state: Commerce, Tx
2026-05-07 11:41:07 [INFO] [SEARCH] Submitted search
2026-05-07 11:41:10 [INFO] [SEARCH] Post-search Cloudflare challenge — waiting for solve...
2026-05-07 11:41:10 [INFO] ==================================================
2026-05-07 11:41:10 [INFO] [CAPTCHA] CAPTCHA/Challenge detected!
2026-05-07 11:41:10 [INFO] [CAPTCHA] Waiting for your extension or manual solve...
2026-05-07 11:41:10 [INFO] [CAPTCHA] Timeout: 300s - solve it in the browser window
2026-05-07 11:41:10 [INFO] ==================================================
2026-05-07 11:41:24 [INFO] [CAPTCHA] Challenge resolved after 13.1s
2026-05-07 11:41:39 [WARNING] [SEARCH] No clear result cards found, proceeding anyway.
2026-05-07 11:41:39 [INFO] [SEARCH] Best match: '' with score 0.00 (Target: 'Adams John Miller')
2026-05-07 11:41:39 [WARNING] [SEARCH] Found best match but could not find a clickable link. Trying alternate.
2026-05-07 11:42:09 [WARNING] [SEARCH] Could not click card, trying first link found.
2026-05-07 11:42:13 [INFO] [SEARCH] No clickable results, extracting from current page
2026-05-07 11:42:13 [ERROR] [EXTRACT] JSON-LD error: Page.evaluate: Target page, context or browser has been closed
2026-05-07 11:42:13 [INFO] [EXTRACT] JSON-LD failed, trying HTML fallback
2026-05-07 11:42:13 [WARNING] [ROW 1] Attempt 1 failed, retrying...
2026-05-07 11:42:13 [ERROR] [ERROR] Fatal error: Page.wait_for_timeout: Target page, context or browser has been closed
2026-05-07 11:42:13 [ERROR] [ERROR] Make sure Chrome is not already running, or close all Chrome windows first
2026-05-07 11:42:18 [INFO] ============================================================
2026-05-07 11:42:18 [INFO] TruePeopleSearch Data Extraction Script
2026-05-07 11:42:18 [INFO] Mode: PHASE 1 (single row testing)
2026-05-07 11:42:18 [INFO] CAPTCHA: Extension/Manual solve (automated solver DISABLED)
2026-05-07 11:42:18 [INFO] VPN/IP Rotation: DISABLED (temporarily)
2026-05-07 11:42:18 [INFO] ============================================================
2026-05-07 11:42:18 [INFO] [INIT] VPN/IP rotation is DISABLED — using current IP
2026-05-07 11:42:18 [INFO] [INPUT] CSV Header: ['', 'Property Addres', 'Property city', 'property state', 'Property Zip', 'Mailing Addres', 'Mailing city', 'Mailing state', 'Mailing Zip', 'Phone Numbers', 'Emails', 'Agent Name', 'Agent Address', '']
2026-05-07 11:42:18 [INFO] [INPUT] Column map: Name=0, Addr=5, City=6, State=7
2026-05-07 11:42:18 [INFO] [INPUT] Loaded 585 rows from C:\Users\DELL\Desktop\New folder (8)\web-crawler\input.csv
2026-05-07 11:42:18 [INFO] [INIT] Phase 1 mode: processing first row only
2026-05-07 11:42:18 [INFO] [CHROME] Closing any existing Chrome processes...
2026-05-07 11:42:21 [INFO] [CHROME] Existing Chrome processes terminated
2026-05-07 11:42:21 [INFO] [CHROME] Launching Chrome with profile: Profile 11
2026-05-07 11:42:21 [INFO] [CHROME] User data dir: C:\Users\DELL\AppData\Local\Google\Chrome\User Data
2026-05-07 11:42:21 [INFO] [CHROME] PS Command: Start-Process -FilePath "C:\Program Files\Google\Chrome\Application\chrome.exe" -ArgumentList '--remote-debugging-port=9222', '--user-data-dir=C:\Users\DELL\AppData\Local\Google\Chrome\User Data', '--profile-directory=Profile 11', '--no-first-run', '--no-default-browser-check', '--start-maximized'
2026-05-07 11:42:21 [INFO] [CHROME] Launching via PowerShell...
2026-05-07 11:42:21 [INFO] [CHROME] Chrome launch command sent, waiting for CDP ready...
2026-05-07 11:42:21 [INFO] [CHROME] CDP port 9222 is ready
2026-05-07 11:42:23 [INFO] [INIT] Connecting to Chrome via CDP on port 9222...
2026-05-07 11:42:24 [INFO] [INIT] Connected to existing browser context (4 open tabs)
2026-05-07 11:42:24 [INFO] [INIT] Opened new tab for scraping
2026-05-07 11:42:24 [INFO] [INIT] Browser ready with personal profile + extensions
2026-05-07 11:42:24 [INFO] 
──────────────────────────────────────────────────
2026-05-07 11:42:24 [INFO] [ROW 1/1] Adams John Miller | 2612 Taylor St, Commerce, Tx
2026-05-07 11:42:24 [INFO] ──────────────────────────────────────────────────
2026-05-07 11:42:24 [INFO] [ROW 1] Attempt 1/3
2026-05-07 11:42:24 [INFO] [SEARCH] Looking up: Adams John Miller at 2612 Taylor St, Commerce, Tx
2026-05-07 11:42:48 [WARNING] [SEARCH] Could not click address tab (may already be active): Locator.click: Timeout 15000ms exceeded.
Call log:
  - waiting for locator("#searchAddress-tab, a:has-text(\"Address\"), button:has-text(\"Address\"), [data-tab=\"address\"], li:has-text(\"Address\") a").first
    - locator resolved to <button onclick="clickSearchTypeButton('address');" class="btn btn-success shadow-form home-icon">…</button>
  - attempting click action
    2 × waiting for element to be visible, enabled and stable
      - element is not visible
    - retrying click action
    - waiting 20ms
    2 × waiting for element to be visible, enabled and stable
      - element is not visible
    - retrying click action
      - waiting 100ms
    28 × waiting for element to be visible, enabled and stable
       - element is not visible
     - retrying click action
       - waiting 500ms

2026-05-07 11:42:48 [INFO] [SEARCH] Filled street: 2612 Taylor St
2026-05-07 11:42:48 [INFO] [SEARCH] Filled city/state: Commerce, Tx
2026-05-07 11:42:49 [INFO] [SEARCH] Submitted search
2026-05-07 11:43:02 [WARNING] [SEARCH] No clear result cards found, proceeding anyway.
2026-05-07 11:43:02 [INFO] [SEARCH] Best match: '' with score 0.00 (Target: 'Adams John Miller')
2026-05-07 11:43:02 [WARNING] [SEARCH] Found best match but could not find a clickable link. Trying alternate.
2026-05-07 11:43:32 [WARNING] [SEARCH] Could not click card, trying first link found.
2026-05-07 11:44:02 [INFO] [SEARCH] No clickable results, extracting from current page
2026-05-07 11:44:02 [WARNING] [EXTRACT] No JSON-LD blocks found
2026-05-07 11:44:02 [INFO] [EXTRACT] JSON-LD failed, trying HTML fallback
2026-05-07 11:44:02 [INFO] [EXTRACT] HTML extraction success for: 
2026-05-07 11:44:02 [INFO] 
══════════════════════════════════════════════════
2026-05-07 11:44:02 [INFO]  MATCH FOUND
2026-05-07 11:44:02 [INFO] ══════════════════════════════════════════════════
2026-05-07 11:44:02 [INFO]  NAME:    
2026-05-07 11:44:02 [INFO]  PHONE:   
2026-05-07 11:44:02 [INFO]  EMAIL:   support@truepeoplesearch.com
2026-05-07 11:44:02 [INFO]  ZIP:     
2026-05-07 11:44:02 [INFO]  ADDRESS: N/A
2026-05-07 11:44:02 [INFO] ══════════════════════════════════════════════════

2026-05-07 11:44:02 [INFO] [ROW 1] SUCCESS - 
2026-05-07 11:44:02 [INFO] [CLEANUP] Disconnecting from Chrome (browser stays open)
2026-05-07 11:44:02 [ERROR] 
!!!!!!!!!!!!!!!!!!!!!!!!!!!!!!!!!!!!!!!!!!!!!!!!!!!!!!!!!!!!
2026-05-07 11:44:02 [ERROR] [ERROR] COULD NOT SAVE TO C:\Users\DELL\Desktop\New folder (8)\web-crawler\results.csv
2026-05-07 11:44:02 [ERROR] The file is currently OPEN in another program (Excel, etc.)
2026-05-07 11:44:02 [ERROR] Please CLOSE the file and run the script again to save these results.
2026-05-07 11:44:02 [ERROR] !!!!!!!!!!!!!!!!!!!!!!!!!!!!!!!!!!!!!!!!!!!!!!!!!!!!!!!!!!!!

2026-05-07 11:44:02 [INFO] [OUTPUT] Backup saved to: C:\Users\DELL\Desktop\New folder (8)\web-crawler\results_20260507_114402.csv
2026-05-07 11:44:02 [INFO] 
============================================================
2026-05-07 11:44:02 [INFO] SCRAPING COMPLETE
2026-05-07 11:44:02 [INFO]   Total processed:  1
2026-05-07 11:44:02 [INFO]   Successful:       1
2026-05-07 11:44:02 [INFO]   Failed:           0
2026-05-07 11:44:02 [INFO]   Output saved to:  C:\Users\DELL\Desktop\New folder (8)\web-crawler\results.csv
2026-05-07 11:44:02 [INFO] ============================================================
2026-05-07 11:47:39 [INFO] ============================================================
2026-05-07 11:47:39 [INFO] TruePeopleSearch Data Extraction Script
2026-05-07 11:47:39 [INFO] Mode: PHASE 1 (single row testing)
2026-05-07 11:47:39 [INFO] CAPTCHA: Extension/Manual solve (automated solver DISABLED)
2026-05-07 11:47:39 [INFO] VPN/IP Rotation: DISABLED (temporarily)
2026-05-07 11:47:39 [INFO] ============================================================
2026-05-07 11:47:39 [INFO] [INIT] VPN/IP rotation is DISABLED — using current IP
2026-05-07 11:47:39 [INFO] [INPUT] CSV Header: ['', 'Property Addres', 'Property city', 'property state', 'Property Zip', 'Mailing Addres', 'Mailing city', 'Mailing state', 'Mailing Zip', 'Phone Numbers', 'Emails', 'Agent Name', 'Agent Address', '']
2026-05-07 11:47:39 [INFO] [INPUT] Column map: Name=0, Addr=5, City=6, State=7
2026-05-07 11:47:39 [INFO] [INPUT] Loaded 585 rows from C:\Users\DELL\Desktop\New folder (8)\web-crawler\input.csv
2026-05-07 11:47:39 [INFO] [INIT] Phase 1 mode: processing first row only
2026-05-07 11:47:39 [INFO] [CHROME] Closing any existing Chrome processes...
2026-05-07 11:47:44 [INFO] [CHROME] Existing Chrome processes terminated
2026-05-07 11:47:44 [INFO] [CHROME] Launching Chrome with profile: Profile 11
2026-05-07 11:47:44 [INFO] [CHROME] User data dir: C:\Users\DELL\AppData\Local\Google\Chrome\User Data
2026-05-07 11:47:44 [INFO] [CHROME] PS Command: Start-Process -FilePath "C:\Program Files\Google\Chrome\Application\chrome.exe" -ArgumentList '--remote-debugging-port=9222', '--user-data-dir=C:\Users\DELL\AppData\Local\Google\Chrome\User Data', '--profile-directory=Profile 11', '--no-first-run', '--no-default-browser-check', '--start-maximized'
2026-05-07 11:47:44 [INFO] [CHROME] Launching via PowerShell...
2026-05-07 11:47:44 [INFO] [CHROME] Chrome launch command sent, waiting for CDP ready...
2026-05-07 11:47:45 [INFO] [CHROME] CDP port 9222 is ready
2026-05-07 11:47:46 [INFO] [INIT] Connecting to Chrome via CDP on port 9222...
2026-05-07 11:47:47 [INFO] [INIT] Connected to existing browser context (4 open tabs)
2026-05-07 11:47:47 [INFO] [INIT] Opened new tab for scraping
2026-05-07 11:47:47 [INFO] [INIT] Browser ready with personal profile + extensions
2026-05-07 11:47:47 [INFO] 
──────────────────────────────────────────────────
2026-05-07 11:47:47 [INFO] [ROW 1/1] Adams John Miller | 2612 Taylor St, Commerce, Tx
2026-05-07 11:47:47 [INFO] ──────────────────────────────────────────────────
2026-05-07 11:47:47 [INFO] [ROW 1] Attempt 1/3
2026-05-07 11:47:47 [INFO] [SEARCH] Looking up: Adams John Miller at 2612 Taylor St, Commerce, Tx
2026-05-07 11:48:10 [WARNING] [SEARCH] Could not click address tab (may already be active): Locator.click: Timeout 15000ms exceeded.
Call log:
  - waiting for locator("#searchAddress-tab, a:has-text(\"Address\"), button:has-text(\"Address\"), [data-tab=\"address\"], li:has-text(\"Address\") a").first
    - locator resolved to <button onclick="clickSearchTypeButton('address');" class="btn btn-success shadow-form home-icon">…</button>
  - attempting click action
    2 × waiting for element to be visible, enabled and stable
      - element is not visible
    - retrying click action
    - waiting 20ms
    2 × waiting for element to be visible, enabled and stable
      - element is not visible
    - retrying click action
      - waiting 100ms
    28 × waiting for element to be visible, enabled and stable
       - element is not visible
     - retrying click action
       - waiting 500ms

2026-05-07 11:48:11 [INFO] [SEARCH] Filled street: 2612 Taylor St
2026-05-07 11:48:11 [INFO] [SEARCH] Filled city/state: Commerce, Tx
2026-05-07 11:48:11 [INFO] [SEARCH] Submitted search
2026-05-07 11:48:15 [INFO] [SEARCH] Post-search Cloudflare challenge — waiting for solve...
2026-05-07 11:48:15 [INFO] ==================================================
2026-05-07 11:48:15 [INFO] [CAPTCHA] CAPTCHA/Challenge detected!
2026-05-07 11:48:15 [INFO] [CAPTCHA] Waiting for your extension or manual solve...
2026-05-07 11:48:15 [INFO] [CAPTCHA] Timeout: 300s - solve it in the browser window
2026-05-07 11:48:15 [INFO] ==================================================
2026-05-07 11:48:28 [INFO] [CAPTCHA] Challenge resolved after 13.6s
2026-05-07 11:48:43 [WARNING] [SEARCH] No clear result cards found, proceeding anyway.
2026-05-07 11:48:43 [INFO] [SEARCH] Best match: '' with score 0.00 (Target: 'Adams John Miller')
2026-05-07 11:48:43 [WARNING] [SEARCH] Found best match but could not find a clickable link. Trying alternate.
2026-05-07 11:49:13 [WARNING] [SEARCH] Could not click card, trying first link found.
2026-05-07 11:49:14 [INFO] [EXTRACT] Found Person JSON-LD data
2026-05-07 11:49:14 [INFO] [EXTRACT] Parsed: John M Adams | 4 phones | 2 emails
2026-05-07 11:49:14 [INFO] 
══════════════════════════════════════════════════
2026-05-07 11:49:14 [INFO]  MATCH FOUND
2026-05-07 11:49:14 [INFO] ══════════════════════════════════════════════════
2026-05-07 11:49:14 [INFO]  NAME:    John M Adams
2026-05-07 11:49:14 [INFO]  PHONE:   (903) 886-6607 | (903) 729-4567 | (972) 886-6607 | (214) 886-6607
2026-05-07 11:49:14 [INFO]  EMAIL:   jadams@icqmail.com | smadaakoj@yahoo.com
2026-05-07 11:49:14 [INFO]  ZIP:     75428
2026-05-07 11:49:14 [INFO]  ADDRESS: 2612 Taylor St, Commerce, TX 75428
2026-05-07 11:49:14 [INFO] ══════════════════════════════════════════════════

2026-05-07 11:49:14 [INFO] [ROW 1] SUCCESS - John M Adams
2026-05-07 11:49:14 [INFO] [CLEANUP] Disconnecting from Chrome (browser stays open)
2026-05-07 11:49:14 [ERROR] 
!!!!!!!!!!!!!!!!!!!!!!!!!!!!!!!!!!!!!!!!!!!!!!!!!!!!!!!!!!!!
2026-05-07 11:49:14 [ERROR] [ERROR] COULD NOT SAVE TO C:\Users\DELL\Desktop\New folder (8)\web-crawler\results.csv
2026-05-07 11:49:14 [ERROR] The file is currently OPEN in another program (Excel, etc.)
2026-05-07 11:49:14 [ERROR] Please CLOSE the file and run the script again to save these results.
2026-05-07 11:49:14 [ERROR] !!!!!!!!!!!!!!!!!!!!!!!!!!!!!!!!!!!!!!!!!!!!!!!!!!!!!!!!!!!!

2026-05-07 11:49:14 [INFO] [OUTPUT] Backup saved to: C:\Users\DELL\Desktop\New folder (8)\web-crawler\results_20260507_114914.csv
2026-05-07 11:49:14 [INFO] 
============================================================
2026-05-07 11:49:14 [INFO] SCRAPING COMPLETE
2026-05-07 11:49:14 [INFO]   Total processed:  1
2026-05-07 11:49:14 [INFO]   Successful:       1
2026-05-07 11:49:14 [INFO]   Failed:           0
2026-05-07 11:49:14 [INFO]   Output saved to:  C:\Users\DELL\Desktop\New folder (8)\web-crawler\results.csv
2026-05-07 11:49:14 [INFO] ============================================================
2026-05-07 11:49:56 [INFO] ============================================================
2026-05-07 11:49:56 [INFO] TruePeopleSearch Data Extraction Script
2026-05-07 11:49:56 [INFO] Mode: PHASE 1 (single row testing)
2026-05-07 11:49:56 [INFO] CAPTCHA: Extension/Manual solve (automated solver DISABLED)
2026-05-07 11:49:56 [INFO] VPN/IP Rotation: DISABLED (temporarily)
2026-05-07 11:49:56 [INFO] ============================================================
2026-05-07 11:49:56 [INFO] [INIT] VPN/IP rotation is DISABLED — using current IP
2026-05-07 11:49:56 [INFO] [INPUT] CSV Header: ['', 'Property Addres', 'Property city', 'property state', 'Property Zip', 'Mailing Addres', 'Mailing city', 'Mailing state', 'Mailing Zip', 'Phone Numbers', 'Emails', 'Agent Name', 'Agent Address', '']
2026-05-07 11:49:56 [INFO] [INPUT] Column map: Name=0, Addr=5, City=6, State=7
2026-05-07 11:49:56 [INFO] [INPUT] Loaded 585 rows from C:\Users\DELL\Desktop\New folder (8)\web-crawler\input.csv
2026-05-07 11:49:56 [INFO] [INIT] Phase 1 mode: processing first row only
2026-05-07 11:49:56 [INFO] [CHROME] Closing any existing Chrome processes...
2026-05-07 11:49:59 [INFO] [CHROME] Existing Chrome processes terminated
2026-05-07 11:49:59 [INFO] [CHROME] Launching Chrome with profile: Profile 11
2026-05-07 11:49:59 [INFO] [CHROME] User data dir: C:\Users\DELL\AppData\Local\Google\Chrome\User Data
2026-05-07 11:49:59 [INFO] [CHROME] PS Command: Start-Process -FilePath "C:\Program Files\Google\Chrome\Application\chrome.exe" -ArgumentList '--remote-debugging-port=9222', '--user-data-dir=C:\Users\DELL\AppData\Local\Google\Chrome\User Data', '--profile-directory=Profile 11', '--no-first-run', '--no-default-browser-check', '--start-maximized'
2026-05-07 11:49:59 [INFO] [CHROME] Launching via PowerShell...
2026-05-07 11:49:59 [INFO] [CHROME] Chrome launch command sent, waiting for CDP ready...
2026-05-07 11:50:00 [INFO] [CHROME] CDP port 9222 is ready
2026-05-07 11:50:01 [INFO] [INIT] Connecting to Chrome via CDP on port 9222...
2026-05-07 11:50:02 [INFO] [INIT] Connected to existing browser context (4 open tabs)
2026-05-07 11:50:02 [INFO] [INIT] Opened new tab for scraping
2026-05-07 11:50:02 [INFO] [INIT] Browser ready with personal profile + extensions
2026-05-07 11:50:02 [INFO] 
──────────────────────────────────────────────────
2026-05-07 11:50:02 [INFO] [ROW 1/1] Adams John Miller | 2612 Taylor St, Commerce, Tx
2026-05-07 11:50:02 [INFO] ──────────────────────────────────────────────────
2026-05-07 11:50:02 [INFO] [ROW 1] Attempt 1/3
2026-05-07 11:50:02 [INFO] [SEARCH] Looking up: Adams John Miller at 2612 Taylor St, Commerce, Tx
2026-05-07 11:50:26 [WARNING] [SEARCH] Could not click address tab (may already be active): Locator.click: Timeout 15000ms exceeded.
Call log:
  - waiting for locator("#searchAddress-tab, a:has-text(\"Address\"), button:has-text(\"Address\"), [data-tab=\"address\"], li:has-text(\"Address\") a").first
    - locator resolved to <button onclick="clickSearchTypeButton('address');" class="btn btn-success shadow-form home-icon">…</button>
  - attempting click action
    2 × waiting for element to be visible, enabled and stable
      - element is not visible
    - retrying click action
    - waiting 20ms
    2 × waiting for element to be visible, enabled and stable
      - element is not visible
    - retrying click action
      - waiting 100ms
    28 × waiting for element to be visible, enabled and stable
       - element is not visible
     - retrying click action
       - waiting 500ms

2026-05-07 11:50:26 [INFO] [SEARCH] Filled street: 2612 Taylor St
2026-05-07 11:50:26 [INFO] [SEARCH] Filled city/state: Commerce, Tx
2026-05-07 11:50:27 [INFO] [SEARCH] Submitted search
2026-05-07 11:50:30 [INFO] [SEARCH] Post-search Cloudflare challenge — waiting for solve...
2026-05-07 11:50:30 [INFO] ==================================================
2026-05-07 11:50:30 [INFO] [CAPTCHA] CAPTCHA/Challenge detected!
2026-05-07 11:50:30 [INFO] [CAPTCHA] Waiting for your extension or manual solve...
2026-05-07 11:50:30 [INFO] [CAPTCHA] Timeout: 300s - solve it in the browser window
2026-05-07 11:50:30 [INFO] ==================================================
2026-05-07 11:50:43 [INFO] [CAPTCHA] Challenge resolved after 13.0s
2026-05-07 11:50:58 [WARNING] [SEARCH] No clear result cards found, proceeding anyway.
2026-05-07 11:50:58 [INFO] [SEARCH] Best match: '' with score 0.00 (Target: 'Adams John Miller')
2026-05-07 11:50:58 [WARNING] [SEARCH] Found best match but could not find a clickable link. Trying alternate.
2026-05-07 11:51:28 [WARNING] [SEARCH] Could not click card, trying first link found.
2026-05-07 11:51:29 [INFO] [EXTRACT] Found Person JSON-LD data
2026-05-07 11:51:29 [INFO] [EXTRACT] Parsed: John M Adams | 4 phones | 2 emails
2026-05-07 11:51:29 [INFO] 
══════════════════════════════════════════════════
2026-05-07 11:51:29 [INFO]  MATCH FOUND
2026-05-07 11:51:29 [INFO] ══════════════════════════════════════════════════
2026-05-07 11:51:29 [INFO]  NAME:    John M Adams
2026-05-07 11:51:29 [INFO]  PHONE:   (903) 886-6607 | (903) 729-4567 | (972) 886-6607 | (214) 886-6607
2026-05-07 11:51:29 [INFO]  EMAIL:   jadams@icqmail.com | smadaakoj@yahoo.com
2026-05-07 11:51:29 [INFO]  ZIP:     75428
2026-05-07 11:51:29 [INFO]  ADDRESS: 2612 Taylor St, Commerce, TX 75428
2026-05-07 11:51:29 [INFO] ══════════════════════════════════════════════════

2026-05-07 11:51:29 [INFO] [ROW 1] SUCCESS - John M Adams
2026-05-07 11:51:29 [INFO] [CLEANUP] Disconnecting from Chrome (browser stays open)
2026-05-07 11:51:29 [INFO] [OUTPUT] Saved 1 record(s) to C:\Users\DELL\Desktop\New folder (8)\web-crawler\results.csv
2026-05-07 11:51:29 [INFO] 
============================================================
2026-05-07 11:51:29 [INFO] SCRAPING COMPLETE
2026-05-07 11:51:29 [INFO]   Total processed:  1
2026-05-07 11:51:29 [INFO]   Successful:       1
2026-05-07 11:51:29 [INFO]   Failed:           0
2026-05-07 11:51:29 [INFO]   Output saved to:  C:\Users\DELL\Desktop\New folder (8)\web-crawler\results.csv
2026-05-07 11:51:29 [INFO] ============================================================
